product_group_descr,product_module_descr,rating_avg,rating_normalized
AUTOMOTIVE,MOTOR OIL-AUTO,5.680127524,0.740622221
AUTOMOTIVE,AUTO ACCESSORIES,5.680127524,0.740622221
AUTOMOTIVE,ENGINE TREATMENTS,5.680127524,0.740622221
AUTOMOTIVE,"AUTOMOTIVE CLEANERS, PROTECTANTS & WASHES",5.680127524,0.740622221
AUTOMOTIVE,KEY CHAINS & KEY RINGS,5.680127524,0.740622221
AUTOMOTIVE,MOTOR OIL FLUID AND LUBE,5.680127524,0.740622221
AUTOMOTIVE,ENGINE TREATMENT AND ADDITIVE,5.680127524,0.740622221
AUTOMOTIVE,MOTORIZED VEHICLE CLEANER AND PROTECTANT,5.680127524,0.740622221
AUTOMOTIVE,AUTOMOTIVE COMBINATIONS,5.680127524,0.740622221
AUTOMOTIVE,BRUSHES - AUTOMOTIVE,5.680127524,0.740622221
AUTOMOTIVE,WAX - CAR,4.28019802,0.360319303
BABY NEEDS,BABY ACCESSORY,5.366803279,0.655504989
BABY NEEDS,BABY BIB AND BURP CLOTH,5.366803279,0.655504989
BABY NEEDS,INFANT TODDLER FEEDING,5.366803279,0.655504989
BABY NEEDS,BABY CARE PRODUCTS-LOTIONS,5.366803279,0.655504989
BABY NEEDS,BABY BOTTLES & NIPPLES,5.366803279,0.655504989
BABY NEEDS,BABY PACFR/TEETHR & BOTTLE/NIPPLE BRUSHES,5.366803279,0.655504989
BABY NEEDS,BABY CARE PRODUCTS-POWDER,5.366803279,0.655504989
BABY NEEDS,BABY CARE PRODUCTS-OIL,5.366803279,0.655504989
BABY NEEDS,BABY CARE PRODUCTS-OINTMENTS,5.366803279,0.655504989
BABY NEEDS,NURSING ACCESSORIES,5.366803279,0.655504989
BABY NEEDS,BABY CARE PRODUCTS-BATH,5.366803279,0.655504989
DISPOSABLE DIAPERS,DISPOSABLE DIAPERS,5.366803279,0.655504989
SOFT GOODS,LINENS-BABY,5.366803279,0.655504989
SOFT GOODS,INFANT WEAR,5.366803279,0.655504989
BABY FOOD,BABY MILK AND MILK FLAVORING,4.982887701,0.551211012
BABY FOOD,BABY CEREAL & BISCUITS,4.982887701,0.551211012
BABY FOOD,BABY FOOD - STRAINED,4.982887701,0.551211012
BABY FOOD,BABY JUICE,4.982887701,0.551211012
BABY FOOD,BABY FOOD - JUNIOR,4.982887701,0.551211012
BABY FOOD,PERISHABLE GRAIN CAKE,4.982887701,0.551211012
BAKED GOODS-FROZEN,DOUGH PRODUCTS-BREAD-FROZEN,4.034653465,0.293615008
BAKED GOODS-FROZEN,BAKERY-BAGELS-FROZEN,4.034653465,0.293615008
BAKED GOODS-FROZEN,BAKERY - DOUGHNUTS - FROZEN,4.034653465,0.293615008
BAKED GOODS-FROZEN,BAKERY-CHEESECAKE-FROZEN,4.034653465,0.293615008
BAKED GOODS-FROZEN,BAKERY - BISCUITS/ROLLS/MUFFINS - FROZEN,4.034653465,0.293615008
BAKED GOODS-FROZEN,BAKERY-BREAKFAST CAKES & SWEET ROLLS-FROZEN,4.034653465,0.293615008
BAKED GOODS-FROZEN,BAKERY - COBBLER/DUMPLINGS/STRUDEL - FROZEN,4.034653465,0.293615008
BAKED GOODS-FROZEN,BAKERY-BREAD-FROZEN,4.034653465,0.293615008
BAKED GOODS-FROZEN,BAKERY-COOKIES RTE/COOKIE DOUGH-FROZEN,4.034653465,0.293615008
BAKED GOODS-FROZEN,BAKERY - DESSERT CAKES - FROZEN,4.034653465,0.293615008
BAKED GOODS-FROZEN,BAKERY - PIES - FROZEN,4.034653465,0.293615008
BAKED GOODS-FROZEN,BAKERY - REMAINING - FROZEN,4.034653465,0.293615008
BAKING MIXES,MIXES - CAKE/SPECIALTY - OVER 10 OZ.,4.034653465,0.293615008
BAKING MIXES,MIXES - CAKE/SPECIALTY - 10 OZ & UNDER,4.034653465,0.293615008
BAKING MIXES,MIXES - CAKE/LAYER - OVER 10 OZ.,4.034653465,0.293615008
BAKING MIXES,MIXES - CAKE/LAYER - 10 OZ & UNDER,4.034653465,0.293615008
BAKING MIXES,MIXES - BROWNIES,4.034653465,0.293615008
BAKING MIXES,MIXES-MUFFIN,4.034653465,0.293615008
BAKING MIXES,MIXES-COFFEE CAKE,4.034653465,0.293615008
BAKING MIXES,MIXES-BREAD,4.034653465,0.293615008
BAKING MIXES,MIXES-DESSERT-MISC.,4.034653465,0.293615008
BAKING MIXES,MIXES-GINGERBREAD,4.034653465,0.293615008
BAKING MIXES,MIXES-ROLLS & BISCUITS,4.034653465,0.293615008
BAKING MIXES,MIXES-COOKIE,4.034653465,0.293615008
BAKING MIXES,MIXES - HUSHPUPPY,4.034653465,0.293615008
BAKING MIXES,MIXES-FROSTING,4.034653465,0.293615008
BAKING MIXES,MIXES-PIE CRUST,4.034653465,0.293615008
BAKING MIXES,MIXES-DUMPLING & KUGEL,4.034653465,0.293615008
BAKING MIXES,MIXES - PANCAKE,4.034653465,0.293615008
BAKING MIXES,PERISHABLE BREAD MIX,4.034653465,0.293615008
BAKING MIXES,PERISHABLE MIXES - PANCAKE,4.034653465,0.293615008
BAKING MIXES,PERISHABLE DESSERT MIX,4.034653465,0.293615008
BAKING SUPPLIES,CAPERS,4.034653465,0.293615008
BAKING SUPPLIES,MATZO MEAL/MIXES,4.034653465,0.293615008
BAKING SUPPLIES,BREADING PRODUCTS,4.034653465,0.293615008
BAKING SUPPLIES,CROUTONS,4.034653465,0.293615008
BAKING SUPPLIES,PIE & PASTRY SHELLS-PREPARED,4.034653465,0.293615008
BAKING SUPPLIES,STUFFING PRODUCTS,4.034653465,0.293615008
BAKING SUPPLIES,FROSTING - REFRIGERATED/FROZEN,4.034653465,0.293615008
BAKING SUPPLIES,FROSTING READY-TO-SPREAD,4.034653465,0.293615008
BAKING SUPPLIES,FOOD COLORING,4.034653465,0.293615008
BAKING SUPPLIES,CAKE DECORATIONS & ICING,4.034653465,0.293615008
BAKING SUPPLIES,YEAST - DRY,4.034653465,0.293615008
BAKING SUPPLIES,GRAHAM CRACKER & DESSERT CRUMBS,4.034653465,0.293615008
BAKING SUPPLIES,BAKING CHIPS - MILK CHOCOLATE,4.034653465,0.293615008
BAKING SUPPLIES,FRUIT-GLAZED,4.034653465,0.293615008
BAKING SUPPLIES,COCONUT,4.034653465,0.293615008
BAKING SUPPLIES,BAKING CHOCOLATE,4.034653465,0.293615008
BAKING SUPPLIES,CHOCOLATE CHIPS & MORSELS,4.034653465,0.293615008
BAKING SUPPLIES,BAKING CHIPS OTHER THAN CHOCOLATE,4.034653465,0.293615008
BAKING SUPPLIES,COCOA,4.034653465,0.293615008
BAKING SUPPLIES,FRUIT PROTECTORS,4.034653465,0.293615008
BAKING SUPPLIES,FRUIT PECTINS,4.034653465,0.293615008
BAKING SUPPLIES,BAKING POWDER,4.034653465,0.293615008
BAKING SUPPLIES,BAKING SODA,4.034653465,0.293615008
BAKING SUPPLIES,CORN/POTATO STARCH,4.034653465,0.293615008
BAKING SUPPLIES,PERISHABLE BREADING STUFFING CROUTON,4.034653465,0.293615008
BAKING SUPPLIES,PERISHABLE SPECIALTY DRIED BREAD,4.034653465,0.293615008
BAKING SUPPLIES,PERISHABLE CAKE DECORATION AND ICING,4.034653465,0.293615008
BAKING SUPPLIES,PERISHABLE BAKING CHOCOLATE CHIP COCOA,4.034653465,0.293615008
BAKING SUPPLIES,PERISHABLE CAPERS,4.034653465,0.293615008
BAKING SUPPLIES,PERISHABLE BAKING SUPPLY,4.034653465,0.293615008
BAKING SUPPLIES,PERISHABLE YEAST,4.034653465,0.293615008
BAKING SUPPLIES,RBC CAKE DECORATION AND ICING,4.034653465,0.293615008
DOUGH PRODUCTS,DOUGH PRODUCTS - COOKIES & BROWNIES - REFRIGERATED,4.034653465,0.293615008
DOUGH PRODUCTS,DOUGH PRODUCTS-SWEET ROLLS-REFRIGERATED,4.034653465,0.293615008
DOUGH PRODUCTS,DOUGH PRODUCTS-BISCUITS-REFRIGERATED,4.034653465,0.293615008
DOUGH PRODUCTS,DOUGH PRODUCTS-DINNER ROLLS-REFRIGERATED,4.034653465,0.293615008
DOUGH PRODUCTS,DOUGH PRODUCTS-REMAINING-REFRIGERATED,4.034653465,0.293615008
FLOUR,CORN MEAL,4.034653465,0.293615008
FLOUR,FLOUR - ALL PURPOSE - REMAINING,4.034653465,0.293615008
FLOUR,FLOUR - SINGLE PURPOSE,4.034653465,0.293615008
FLOUR,FLOUR-ALL PURPOSE-WHITE WHEAT,4.034653465,0.293615008
FLOUR,PERISHABLE FLOUR AND MEAL,4.034653465,0.293615008
YEAST,YEAST-REFRIGERATED,4.034653465,0.293615008
BATTERIES AND FLASHLIGHTS,BATTERIES,3.622772277,0.181723933
BATTERIES AND FLASHLIGHTS,FLASHLIGHTS,3.622772277,0.181723933
"LIGHT BULBS, ELECTRIC GOODS",BATTERY CHARGERS,3.825742574,0.236862564
BEER,BEER,5.337796087,0.647624935
BEER,NEAR BEER/MALT BEVERAGE,5.337796087,0.647624935
BEER,STOUT AND PORTER,5.337796087,0.647624935
BEER,LIGHT BEER (LOW CALORIE/ALCOHOL),5.337796087,0.647624935
BEER,ALE,5.337796087,0.647624935
BEER,MALT LIQUOR,5.337796087,0.647624935
BEER,RBC BEER,5.337796087,0.647624935
"HOUSEWARES, APPLIANCES",RBC COFFEE AND TEA MAKER APPLIANCE,5.855532787,0.788272573
"HOUSEWARES, APPLIANCES",BEER & WINE MAKING KITS,5.855532787,0.788272573
"HOUSEWARES, APPLIANCES",COFFEEMAKERS & PERCOLATORS,5.855532787,0.788272573
"HOUSEWARES, APPLIANCES",COFFEE AND TEA MAKER APPLIANCE,5.855532787,0.788272573
BOOKS AND MAGAZINES,BOOKS,4.764767932,0.491956897
BOOKS AND MAGAZINES,MAGAZINES,4.764767932,0.491956897
BOOKS AND MAGAZINES,TOP 200 MAGAZINES,4.764767932,0.491956897
BOOKS AND MAGAZINES,MAGAZINES SELECTED TITLES,4.764767932,0.491956897
BREAD AND BAKED GOODS,REFERENCE CARD BAKED GOODS - CAKES,4.705263158,0.475791912
BREAD AND BAKED GOODS,REFERENCE CARD BAKED GOODS - COOKIES,4.705263158,0.475791912
BREAD AND BAKED GOODS,REFERENCE CARD BAKED GOODS - PIES,4.705263158,0.475791912
BREAD AND BAKED GOODS,REFERENCE CARD BAKED GOODS - ALL OTHER,4.705263158,0.475791912
BREAD AND BAKED GOODS,PERISHABLE BAGEL,4.705263158,0.475791912
BREAD AND BAKED GOODS,PERISHABLE BREAD,4.705263158,0.475791912
BREAD AND BAKED GOODS,PERISHABLE DOUGHNUT,4.705263158,0.475791912
BREAD AND BAKED GOODS,PERISHABLE MUFFIN,4.705263158,0.475791912
BREAD AND BAKED GOODS,PERISHABLE PIE AND PASTRY,4.705263158,0.475791912
BREAD AND BAKED GOODS,PERISHABLE ROLL AND BUN AND BISCUIT,4.705263158,0.475791912
BREAD AND BAKED GOODS,PERISHABLE SWEET ROLL,4.705263158,0.475791912
BREAD AND BAKED GOODS,PERISHABLE CAKE,4.705263158,0.475791912
BREAD AND BAKED GOODS,PERISHABLE COOKIE,4.705263158,0.475791912
BREAD AND BAKED GOODS,PERISHABLE ENGLISH MUFFIN,4.705263158,0.475791912
BREAD AND BAKED GOODS,PERISHABLE CRUMPET AND SCONE,4.705263158,0.475791912
BREAD AND BAKED GOODS,PERISHABLE CRUST AND SHELL,4.705263158,0.475791912
BREAD AND BAKED GOODS,BAKERY - BREAD - FRESH,4.705263158,0.475791912
BREAD AND BAKED GOODS,BAKERY-BUNS-FRESH,4.705263158,0.475791912
BREAD AND BAKED GOODS,BAKERY-ROLLS-FRESH,4.705263158,0.475791912
BREAD AND BAKED GOODS,BAKERY-MUFFINS-FRESH,4.705263158,0.475791912
BREAD AND BAKED GOODS,BAKERY-CAKES-FRESH,4.705263158,0.475791912
BREAD AND BAKED GOODS,BAKERY-BREAKFAST CAKES/SWEET ROLLS-FRESH,4.705263158,0.475791912
BREAD AND BAKED GOODS,BAKERY-DOUGHNUTS-FRESH,4.705263158,0.475791912
BREAD AND BAKED GOODS,BAKERY-PIES-FRESH,4.705263158,0.475791912
BREAD AND BAKED GOODS,BAKERY-BAGELS-FRESH,4.705263158,0.475791912
BREAD AND BAKED GOODS,BAKERY-BISCUITS-FRESH,4.705263158,0.475791912
BREAD AND BAKED GOODS,BAKERY - REMAINING - FRESH,4.705263158,0.475791912
BREAD AND BAKED GOODS,BAKERY-CHEESECAKE-FRESH,4.705263158,0.475791912
BREAD AND BAKED GOODS,RBC BREAD,4.705263158,0.475791912
BREAD AND BAKED GOODS,RBC CAKE,4.705263158,0.475791912
BREAKFAST FOOD,TOASTER PASTRIES,4.182178218,0.333691379
BREAKFAST FOOD,GRANOLA & YOGURT BARS,4.182178218,0.333691379
BREAKFAST FOOD,INSTANT BREAKFAST - POWDERED,4.182178218,0.333691379
BREAKFAST FOOD,BREAKFAST BARS,4.182178218,0.333691379
BREAKFAST FOODS-FROZEN,PERISHABLE BREAKFAST ENTREE,4.182178218,0.333691379
BREAKFAST FOODS-FROZEN,PERISHABLE BREAKFAST PNCK WFL FRN TST,4.182178218,0.333691379
BREAKFAST FOODS-FROZEN,FROZEN/REFRIGERATED BREAKFASTS,4.182178218,0.333691379
BREAKFAST FOODS-FROZEN,TOASTER ITEMS - FROZEN,4.182178218,0.333691379
BREAKFAST FOODS-FROZEN,FROZEN WAFFLES & PANCAKES & FRENCH TOAST,4.182178218,0.333691379
CEREAL,CEREAL - READY TO EAT,4.182178218,0.333691379
CEREAL,CEREAL - GRANOLA & NATURAL TYPES,4.182178218,0.333691379
CEREAL,CEREAL - HOT,4.182178218,0.333691379
CEREAL,WHEAT GERM,4.182178218,0.333691379
CEREAL,HOMINY GRITS,4.182178218,0.333691379
CEREAL,PERISHABLE GRAIN,4.182178218,0.333691379
CEREAL,PERISHABLE CEREAL,4.182178218,0.333691379
CEREAL,RBC CEREAL,4.182178218,0.333691379
BUTTER AND MARGARINE,PERISHABLE BUTTER,3.943564356,0.268869867
BUTTER AND MARGARINE,PERISHABLE MARGARINE AND SPREAD,3.943564356,0.268869867
BUTTER AND MARGARINE,MARGARINE AND SPREADS,3.943564356,0.268869867
BUTTER AND MARGARINE,BUTTER,3.943564356,0.268869867
CANDY,CANDY-CHOCOLATE-MINIATURES,5.055727554,0.570998587
CANDY,CANDY-CHOCOLATE,5.055727554,0.570998587
CANDY,CANDY-CHOCOLATE-SPECIAL,5.055727554,0.570998587
CANDY,CANDY-DIETETIC - CHOCOLATE,5.055727554,0.570998587
CANDY,PERISHABLE CHOCOLATE CANDY,5.055727554,0.570998587
CANDY,CONFECTIONERY PASTE,4.103960396,0.312442834
CANDY,BREATH SWEETENERS,4.103960396,0.312442834
CANDY,CANDY-HARD ROLLED,4.103960396,0.312442834
CANDY,CANDY-NON-CHOCOLATE-MINIATURES,4.103960396,0.312442834
CANDY,CANDY-NON-CHOCOLATE,4.103960396,0.312442834
CANDY,CANDY-LOLLIPOPS,4.103960396,0.312442834
CANDY,MARSHMALLOWS,4.103960396,0.312442834
CANDY,CANDY-KITS,4.103960396,0.312442834
CANDY,CANDY-DIETETIC - NON-CHOCOLATE,4.103960396,0.312442834
CANDY,PERISHABLE NONCHOCOLATE CANDY,4.103960396,0.312442834
CANDY,PERISHABLE MARSHMALLOW,4.103960396,0.312442834
CANDY,GIFT PACKAGE WITH CANDY OR GUM,4.103960396,0.312442834
GUM,GUM-BUBBLE,4.103960396,0.312442834
GUM,GUM-CHEWING,4.103960396,0.312442834
GUM,GUM-CHEWING-SUGARFREE,4.103960396,0.312442834
GUM,GUM-BUBBLE-SUGARFREE,4.103960396,0.312442834
GUM,PERISHABLE GUM,4.103960396,0.312442834
FRUIT - CANNED,PIE & PASTRY FILLING - CANNED,3.055613851,0.027650458
FRUIT - CANNED,CANNED FRUIT - APPLE SAUCE,3.055613851,0.027650458
FRUIT - CANNED,CANNED FRUIT - APPLES,3.055613851,0.027650458
FRUIT - CANNED,CANNED FRUIT-APRICOTS,3.055613851,0.027650458
FRUIT - CANNED,CANNED FRUIT - BERRIES,3.055613851,0.027650458
FRUIT - CANNED,CRANBERRIES - SHELF STABLE,3.055613851,0.027650458
FRUIT - CANNED,CANNED FRUIT - FIGS,3.055613851,0.027650458
FRUIT - CANNED,CANNED FRUIT-FRUIT COCKTAIL,3.055613851,0.027650458
FRUIT - CANNED,CANNED FRUIT - FRUIT MIXES & SALAD FRUITS,3.055613851,0.027650458
FRUIT - CANNED,CANNED FRUIT-GRAPEFRUIT,3.055613851,0.027650458
FRUIT - CANNED,CANNED FRUIT - ORANGES,3.055613851,0.027650458
FRUIT - CANNED,CANNED FRUIT - PEACHES - FREESTONE,3.055613851,0.027650458
FRUIT - CANNED,CANNED FRUIT-PEACHES-CLING,3.055613851,0.027650458
FRUIT - CANNED,CANNED FRUIT-PEARS,3.055613851,0.027650458
FRUIT - CANNED,CANNED FRUIT - PINEAPPLE,3.055613851,0.027650458
FRUIT - CANNED,CANNED FRUIT - GRAPES,3.055613851,0.027650458
FRUIT - CANNED,CANNED FRUIT-CHERRIES,3.055613851,0.027650458
FRUIT - CANNED,CANNED FRUIT-PLUMS,3.055613851,0.027650458
FRUIT - CANNED,CANNED FRUIT - PRUNES,3.055613851,0.027650458
FRUIT - CANNED,CANNED FRUIT - REMAINING,3.055613851,0.027650458
FRUIT - CANNED,PUMPKIN-CANNED,3.055613851,0.027650458
FRUIT - CANNED,MINCEMEAT-CANNED,3.055613851,0.027650458
FRUIT - CANNED,CHERRIES-MARASCHINO,3.055613851,0.027650458
FRUIT - CANNED,PERISHABLE PIE FILLING,3.055613851,0.027650458
FRUIT - DRIED,PRUNES-DRIED,3.055613851,0.027650458
FRUIT - DRIED,RAISINS,3.055613851,0.027650458
FRUIT - DRIED,FRUIT-DRIED AND SNACKS,3.055613851,0.027650458
FRUIT - DRIED,DATES,3.055613851,0.027650458
FRUIT - DRIED,PERISHABLE DRIED FRUIT,3.055613851,0.027650458
"GLASSWARE, TABLEWARE",RBC DRINKWARE CONTAINER AND SET,3.055613851,0.027650458
"GLASSWARE, TABLEWARE",WOODEN & PLASTIC UTENSILS,3.055613851,0.027650458
"GLASSWARE, TABLEWARE",DINNERWARE,3.055613851,0.027650458
"GLASSWARE, TABLEWARE",CANDLE AND CANDLE IN HOLDER,3.055613851,0.027650458
"GLASSWARE, TABLEWARE",DRINKWARE CONTAINER SET,3.055613851,0.027650458
SEAFOOD - CANNED,ANCHOVY PASTE,3.630693069,0.183875685
SEAFOOD - CANNED,SEAFOOD - ANCHOVIES,3.630693069,0.183875685
SEAFOOD - CANNED,SEAFOOD-CLAMS-CANNED,3.630693069,0.183875685
SEAFOOD - CANNED,SEAFOOD - REMAINING - CANNED,3.630693069,0.183875685
SEAFOOD - CANNED,SEAFOOD-CRAB-CANNED,3.630693069,0.183875685
SEAFOOD - CANNED,SEAFOOD - OYSTERS - CANNED,3.630693069,0.183875685
SEAFOOD - CANNED,SEAFOOD - SALMON - CANNED,3.630693069,0.183875685
SEAFOOD - CANNED,SEAFOOD - SARDINES - CANNED,3.630693069,0.183875685
SEAFOOD - CANNED,SEAFOOD - SHRIMP - CANNED,3.630693069,0.183875685
SEAFOOD - CANNED,SEAFOOD-TUNA-SHELF STABLE,3.630693069,0.183875685
SEAFOOD - CANNED,PERISHABLE SHELF STABLE SEAFOOD,3.630693069,0.183875685
SEAFOOD - CANNED,RBC SHELF STABLE SEAFOOD,3.630693069,0.183875685
VEGETABLES - CANNED,VEGETABLES-ARTICHOKES-CANNED,2.95383001,0
VEGETABLES - CANNED,VEGETABLES-ASPARAGUS-SHELF STABLE,2.95383001,0
VEGETABLES - CANNED,VEGETABLES-BEANS-GREEN-CANNED,2.95383001,0
VEGETABLES - CANNED,VEGETABLES-BEANS-WAXED-CANNED,2.95383001,0
VEGETABLES - CANNED,VEGETABLES-BEANS-WHITE/NORTHERN/NAVY-CANNED,2.95383001,0
VEGETABLES - CANNED,VEGETABLES-BEANS-VEGETARIAN-SHELF STABLE,2.95383001,0
VEGETABLES - CANNED,VEGETABLES-BEANS-REMAINING-CANNED,2.95383001,0
VEGETABLES - CANNED,VEGETABLES-BEANS-GARBANZO - CANNED,2.95383001,0
VEGETABLES - CANNED,VEGETABLES-BEANS-LIMA-CANNED,2.95383001,0
VEGETABLES - CANNED,VEGETABLES-BEETS-SHELF STABLE,2.95383001,0
VEGETABLES - CANNED,VEGETABLES - RED CABBAGE - CANNED,2.95383001,0
VEGETABLES - CANNED,VEGETABLES-CARROTS-SHELF STABLE,2.95383001,0
VEGETABLES - CANNED,VEGETABLES-CORN-CREAM STYLE-CANNED,2.95383001,0
VEGETABLES - CANNED,VEGETABLES-CORN-WHOLE KERNEL-CANNED,2.95383001,0
VEGETABLES - CANNED,VEGETABLES-CORN ON THE COB-CANNED,2.95383001,0
VEGETABLES - CANNED,VEGETABLES-HOMINY-CANNED,2.95383001,0
VEGETABLES - CANNED,VEGETABLES-OKRA-CANNED,2.95383001,0
VEGETABLES - CANNED,VEGETABLES-BEANS-KIDNEY/RED-CANNED,2.95383001,0
VEGETABLES - CANNED,VEGETABLES-ONIONS-CANNED,2.95383001,0
VEGETABLES - CANNED,VEGETABLES-PEAS-REMAINING-CANNED,2.95383001,0
VEGETABLES - CANNED,VEGETABLES-PEAS-CANNED,2.95383001,0
VEGETABLES - CANNED,VEGETABLES-PEAS & CARROTS-CANNED,2.95383001,0
VEGETABLES - CANNED,VEGETABLES-MIXED-CANNED,2.95383001,0
VEGETABLES - CANNED,VEGETABLES-POTATOES-CANNED,2.95383001,0
VEGETABLES - CANNED,VEGETABLES-SWEET POTATOES & YAMS-CANNED,2.95383001,0
VEGETABLES - CANNED,VEGETABLES-BEANS-PINTO-CANNED,2.95383001,0
VEGETABLES - CANNED,VEGETABLES-BEANS-CHILI-CANNED,2.95383001,0
VEGETABLES - CANNED,SALAD-JELLED ASPIC,2.95383001,0
VEGETABLES - CANNED,VEGETABLES-SAUERKRAUT-SHELF STABLE,2.95383001,0
VEGETABLES - CANNED,VEGETABLES-SPINACH-CANNED,2.95383001,0
VEGETABLES - CANNED,VEGETABLES-SQUASH & RUTABAGAS-CANNED,2.95383001,0
VEGETABLES - CANNED,VEGETABLES-SUCCOTASH-CANNED,2.95383001,0
VEGETABLES - CANNED,VEGETABLES-REMAINING-CANNED,2.95383001,0
VEGETABLES - CANNED,VEGETABLES-GREENS-CANNED,2.95383001,0
VEGETABLES - CANNED,GRAPE LEAVES-CANNED,2.95383001,0
VEGETABLES - CANNED,TOMATOES - REMAINING - CANNED,2.95383001,0
VEGETABLES - CANNED,TOMATO PUREE,2.95383001,0
VEGETABLES - CANNED,TOMATOES-WHOLE-CANNED,2.95383001,0
VEGETABLES - CANNED,TOMATO PASTE,2.95383001,0
VEGETABLES - CANNED,TOMATO SAUCE,2.95383001,0
VEGETABLES - CANNED,TOMATOES-STEWED,2.95383001,0
VEGETABLES - CANNED,MUSHROOMS - SHELF STABLE,2.95383001,0
VEGETABLES - CANNED,COCKTAIL ONIONS,2.95383001,0
VEGETABLES - CANNED,ORIENTAL CANNED VEGETABLES,2.95383001,0
VEGETABLES - CANNED,BEAN SPROUTS-CANNED,2.95383001,0
"CANNING, FREEZING SUPPLIES",HOME CANNING SUPPLY,3.137605042,0.049924071
"CANNING, FREEZING SUPPLIES",FREEZER SUPPLIES,3.137605042,0.049924071
"CANNING, FREEZING SUPPLIES",HOME CANNING-JARS,3.137605042,0.049924071
"CANNING, FREEZING SUPPLIES",HOME CANNING-CAPS & LIDS,3.137605042,0.049924071
"CANNING, FREEZING SUPPLIES",HOME CANNING ACCESSORIES,3.137605042,0.049924071
"LIGHT BULBS, ELECTRIC GOODS",CELLULAR PHONE (see comment),6.436983471,0.946228663
"CHARCOAL, LOGS, ACCESSORIES",MATCHES,3.627722772,0.183068778
"CHARCOAL, LOGS, ACCESSORIES",CHARCOAL,3.627722772,0.183068778
"CHARCOAL, LOGS, ACCESSORIES",WOOD CHIPS-COOKING,3.627722772,0.183068778
"CHARCOAL, LOGS, ACCESSORIES",FIREPLACE LOGS,3.627722772,0.183068778
"CHARCOAL, LOGS, ACCESSORIES",CHARCOAL/WOOD LIGHTERS,3.627722772,0.183068778
"CHARCOAL, LOGS, ACCESSORIES",HEAT-CANNED,3.627722772,0.183068778
CHEESE,REFERENCE CARD CHEESE - CLERK SERVED,5.134854772,0.592494177
CHEESE,REFERENCE CARD CHEESE - SELF SERVED,5.134854772,0.592494177
CHEESE,PERISHABLE CHEESE,5.134854772,0.592494177
CHEESE,PERISHABLE CREAM CHEESE AND NEUFCHATEL,5.134854772,0.592494177
CHEESE,PERISHABLE CHEESE SPREAD,5.134854772,0.592494177
CHEESE,CHEESE-NATURAL-MUENSTER,5.134854772,0.592494177
CHEESE,CHEESE - NATURAL - MOZZARELLA,5.134854772,0.592494177
CHEESE,CHEESE - NATURAL - BRICK,5.134854772,0.592494177
CHEESE,CHEESE - NATURAL - REMAINING,5.134854772,0.592494177
CHEESE,CHEESE - NATURAL - AMERICAN COLBY,5.134854772,0.592494177
CHEESE,CHEESE - NATURAL - AMERICAN CHEDDAR,5.134854772,0.592494177
CHEESE,CHEESE - GRATED,5.134854772,0.592494177
CHEESE,CHEESE - PROCESSED SLICES - REMAINING,5.134854772,0.592494177
CHEESE,CHEESE - PROCESSED - LOAVES,5.134854772,0.592494177
CHEESE,CHEESE - PROCESSED - SNACK,5.134854772,0.592494177
CHEESE,CHEESE-PROCESSED SLICES-AMERICAN,5.134854772,0.592494177
CHEESE,CHEESE-NATURAL-SWISS,5.134854772,0.592494177
CHEESE,CHEESE - SPECIALTY/IMPORTED,5.134854772,0.592494177
CHEESE,CHEESE - NATURAL - VARIETY PACK,5.134854772,0.592494177
CHEESE,CHEESE - SHREDDED,5.134854772,0.592494177
CHEESE,CHEESE - PROCESSED - CREAM CHEESE,5.134854772,0.592494177
CHEESE,RBC CHEESE,5.134854772,0.592494177
"HOUSEWARES, APPLIANCES",POWER PRESSURE WASHER APPLIANCE,4.819027921,0.506697091
"HOUSEWARES, APPLIANCES",HOUSEHOLD APPLIANCE ACCESSORIES,4.952674897,0.543003444
"HOUSEWARES, APPLIANCES",VACUUM AND CARPET CLEANER APPLIANCE,4.952674897,0.543003444
"ELECTRONICS, RECORDS, TAPES",HOME ELECTRONIC CLEANING PRODUCT,4.267326733,0.356822707
"ELECTRONICS, RECORDS, TAPES",AUDIO VIDEO CLEANERS & ACCESSORIES,4.267326733,0.356822707
"ELECTRONICS, RECORDS, TAPES",CANNED AIR,4.267326733,0.356822707
"ELECTRONICS, RECORDS, TAPES",HOME ELECTRONIC CLEANING PRODUCT EXTERNAL,4.267326733,0.356822707
COFFEE,REFERENCE CARD COFFEE,5.709643606,0.748640519
COFFEE,GROUND AND WHOLE BEAN COFFEE,5.709643606,0.748640519
COFFEE,COFFEE - SOLUBLE FLAVORED,5.709643606,0.748640519
COFFEE,COFFEE - SOLUBLE,5.709643606,0.748640519
COFFEE,COFFEE - LIQUID,5.709643606,0.748640519
COFFEE,COFFEE SUBSTITUTES,5.709643606,0.748640519
COFFEE,PERISHABLE LIQUID COFFEE AND COFFEE DRINK,5.709643606,0.748640519
COFFEE,PERISHABLE GROUND AND WHOLE BEAN COFFEE,5.709643606,0.748640519
"CONDIMENTS, GRAVIES, AND SAUCES",GLAZES - FRUIT,3.932673267,0.265911209
"CONDIMENTS, GRAVIES, AND SAUCES",CATSUP,3.932673267,0.265911209
"CONDIMENTS, GRAVIES, AND SAUCES",CHILI SAUCE,3.932673267,0.265911209
"CONDIMENTS, GRAVIES, AND SAUCES",BARBECUE SAUCES,3.932673267,0.265911209
"CONDIMENTS, GRAVIES, AND SAUCES",FISH & SEAFOOD & COCKTAIL SAUCE,3.932673267,0.265911209
"CONDIMENTS, GRAVIES, AND SAUCES",HOT SAUCE,3.932673267,0.265911209
"CONDIMENTS, GRAVIES, AND SAUCES",MEXICAN SAUCE,3.932673267,0.265911209
"CONDIMENTS, GRAVIES, AND SAUCES",MEAT SAUCE,3.932673267,0.265911209
"CONDIMENTS, GRAVIES, AND SAUCES",GLAZES-MEAT,3.932673267,0.265911209
"CONDIMENTS, GRAVIES, AND SAUCES",MUSHROOM SAUCE,3.932673267,0.265911209
"CONDIMENTS, GRAVIES, AND SAUCES",PIZZA SAUCE,3.932673267,0.265911209
"CONDIMENTS, GRAVIES, AND SAUCES",TABASCO/PEPPER SAUCE,3.932673267,0.265911209
"CONDIMENTS, GRAVIES, AND SAUCES",SPAGHETTI/MARINARA SAUCE,3.932673267,0.265911209
"CONDIMENTS, GRAVIES, AND SAUCES",WORCESTERSHIRE SAUCE,3.932673267,0.265911209
"CONDIMENTS, GRAVIES, AND SAUCES",COOKING SAUCE,3.932673267,0.265911209
"CONDIMENTS, GRAVIES, AND SAUCES",SAUCES - MISCELLANEOUS - SHELF STABLE,3.932673267,0.265911209
"CONDIMENTS, GRAVIES, AND SAUCES",GRAVY AIDS & BEEF EXTRACT,3.932673267,0.265911209
"CONDIMENTS, GRAVIES, AND SAUCES",GRAVY - CANNED,3.932673267,0.265911209
"CONDIMENTS, GRAVIES, AND SAUCES",SAUCES - DIPPING,3.932673267,0.265911209
"CONDIMENTS, GRAVIES, AND SAUCES",GRAVY MIXES - PACKAGED,3.932673267,0.265911209
"CONDIMENTS, GRAVIES, AND SAUCES",SAUCE MIX - SPAGHETTI,3.932673267,0.265911209
"CONDIMENTS, GRAVIES, AND SAUCES",SAUCE MIX - CHEESE,3.932673267,0.265911209
"CONDIMENTS, GRAVIES, AND SAUCES",SEASONING MIX - CHILI,3.932673267,0.265911209
"CONDIMENTS, GRAVIES, AND SAUCES",SAUCE MIX - SOUR CREAM,3.932673267,0.265911209
"CONDIMENTS, GRAVIES, AND SAUCES",SAUCE MIX - MEAT LOAF,3.932673267,0.265911209
"CONDIMENTS, GRAVIES, AND SAUCES",SAUCE MIX - TACO,3.932673267,0.265911209
"CONDIMENTS, GRAVIES, AND SAUCES",SEASONING MIX - SLOPPY JOE,3.932673267,0.265911209
"CONDIMENTS, GRAVIES, AND SAUCES",SAUCE & SEASONING MIX-REMAINING,3.932673267,0.265911209
"CONDIMENTS, GRAVIES, AND SAUCES",SAUCE & SEASONING MIX-REMAINING MEXICAN,3.932673267,0.265911209
"CONDIMENTS, GRAVIES, AND SAUCES",FONDUE SAUCE,3.932673267,0.265911209
"CONDIMENTS, GRAVIES, AND SAUCES",HOT DOG SAUCE,3.932673267,0.265911209
"CONDIMENTS, GRAVIES, AND SAUCES",MUSTARD,3.932673267,0.265911209
"CONDIMENTS, GRAVIES, AND SAUCES",VINEGAR,3.932673267,0.265911209
"CONDIMENTS, GRAVIES, AND SAUCES",COOKING WINE & SHERRY,3.932673267,0.265911209
"CONDIMENTS, GRAVIES, AND SAUCES",ORIENTAL SAUCES,3.932673267,0.265911209
"CONDIMENTS, GRAVIES, AND SAUCES",EGG MIXES-DRY,3.932673267,0.265911209
"CONDIMENTS, GRAVIES, AND SAUCES",PERISHABLE SAUCE GRAVY SEASONING SAUCE,3.932673267,0.265911209
"CONDIMENTS, GRAVIES, AND SAUCES",PERISHABLE VINEGAR AND COOKING WINE,3.932673267,0.265911209
"CONDIMENTS, GRAVIES, AND SAUCES",PERISHABLE SAUCE MIX GRAVY MIX SSNNG MIX,3.932673267,0.265911209
"SALAD DRESSINGS, MAYO, TOPPINGS",SALAD & POTATO TOPPINGS-DRY,3.932673267,0.265911209
"SALAD DRESSINGS, MAYO, TOPPINGS",SALAD DRESSING - MIRACLE WHIP TYPE,3.932673267,0.265911209
"SALAD DRESSINGS, MAYO, TOPPINGS",MAYONNAISE,3.932673267,0.265911209
"SALAD DRESSINGS, MAYO, TOPPINGS",SALAD DRESSING - LIQUID,3.932673267,0.265911209
"SALAD DRESSINGS, MAYO, TOPPINGS",SALAD DRESSING MIXES-DRY,3.932673267,0.265911209
"SALAD DRESSINGS, MAYO, TOPPINGS",SANDWICH SPREADS-RELISH TYPE,3.932673267,0.265911209
"SALAD DRESSINGS, MAYO, TOPPINGS",SALAD DRESSING-REDUCED/LOW CALORIE,3.932673267,0.265911209
"SALAD DRESSINGS, MAYO, TOPPINGS",PERISHABLE SALAD AND POTATO TOPPING DRY,3.932673267,0.265911209
"SALAD DRESSINGS, MAYO, TOPPINGS",PERISHABLE SALAD DRESSING,3.932673267,0.265911209
"SALAD DRESSINGS, MAYO, TOPPINGS",PERISHABLE SALAD DRESSING MIX,3.932673267,0.265911209
COOKIES,COOKIES,4.183168317,0.333960348
"SHORTENING, OIL",COOKING SPRAYS,4.296039604,0.364622806
"SHORTENING, OIL",SALAD AND COOKING OIL,4.296039604,0.364622806
"SHORTENING, OIL",OLIVE OIL,4.296039604,0.364622806
"SHORTENING, OIL",SHORTENING,4.296039604,0.364622806
"SHORTENING, OIL",PERISHABLE COOKING FAT,4.296039604,0.364622806
"SHORTENING, OIL",LARD,4.296039604,0.364622806
COOKWARE,RBC COOKWARE PRODUCT,5.767010309,0.764224678
COOKWARE,COOKWARE-MICROWAVE,5.767010309,0.764224678
COOKWARE,COOKWARE-FOIL,5.767010309,0.764224678
COOKWARE,COOKWARE,5.767010309,0.764224678
COOKWARE,COOKWARE PRODUCT,5.767010309,0.764224678
COSMETICS,FALSE EYELASH AND ACCESSORY,6.343942505,0.920953283
COSMETICS,COSMETICS-HALLOWEEN/COSTUME MAKE-UP,6.343942505,0.920953283
COSMETICS,COSMETICS-BLUSHERS,6.343942505,0.920953283
COSMETICS,TALCUM & DUSTING POWDER,6.343942505,0.920953283
COSMETICS,COSMETICS-FOUNDATION-LIQUID,6.343942505,0.920953283
COSMETICS,COSMETICS-FACE POWDER,6.343942505,0.920953283
COSMETICS,COSMETICS-LIPSTICKS,6.343942505,0.920953283
COSMETICS,COSMETICS-EYEBROW & EYE LINER,6.343942505,0.920953283
COSMETICS,COSMETICS-EYE SHADOWS,6.343942505,0.920953283
COSMETICS,COSMETICS-NAIL POLISH,6.343942505,0.920953283
COSMETICS,COSMETICS-MASCARA,6.343942505,0.920953283
COSMETICS,COSMETIC KITS,6.343942505,0.920953283
COSMETICS,COSMETICS-REMAINING,6.343942505,0.920953283
COSMETICS,COSMETICS-NAIL POLISH REMOVER,6.343942505,0.920953283
COSMETICS,COSMETICS-FOUNDATION-CREAM AND POWDER,6.343942505,0.920953283
COSMETICS,COSMETICS - CONCEALERS,6.343942505,0.920953283
"COT CHEESE, SOUR CREAM, TOPPINGS",PERISHABLE COTTAGE CHEESE AND RICOTTA,3.825742574,0.236862564
"COT CHEESE, SOUR CREAM, TOPPINGS",PERISHABLE WHIPPING CRM MLK PRDCT TPNG,3.825742574,0.236862564
"COT CHEESE, SOUR CREAM, TOPPINGS",PERISHABLE TOPPING,3.825742574,0.236862564
"COT CHEESE, SOUR CREAM, TOPPINGS",PERISHABLE SOUR CREAM,3.825742574,0.236862564
"COT CHEESE, SOUR CREAM, TOPPINGS",CHEESE - FARMERS,3.825742574,0.236862564
"COT CHEESE, SOUR CREAM, TOPPINGS",CHEESE - RICOTTA,3.825742574,0.236862564
"COT CHEESE, SOUR CREAM, TOPPINGS",DAIRY - POTATO TOPPING - REFRIGERATED,3.825742574,0.236862564
"COT CHEESE, SOUR CREAM, TOPPINGS",WHIPPING CREAM,3.825742574,0.236862564
"COT CHEESE, SOUR CREAM, TOPPINGS",TOPPINGS - REFRIGERATED,3.825742574,0.236862564
"COT CHEESE, SOUR CREAM, TOPPINGS",DAIRY - SOUR CREAM - REFRIGERATED & CANNED,3.825742574,0.236862564
"COT CHEESE, SOUR CREAM, TOPPINGS",CHEESE - COTTAGE,3.825742574,0.236862564
CRACKERS,MATZO,3.758415842,0.218572677
CRACKERS,CRACKERS - SPRAYED FLAKE,3.758415842,0.218572677
CRACKERS,CRACKERS - FLAKED SODA,3.758415842,0.218572677
CRACKERS,CRACKERS - GRAHAM,3.758415842,0.218572677
CRACKERS,CRACKERS - SPRAYED BUTTER,3.758415842,0.218572677
CRACKERS,CRACKERS - CHEESE,3.758415842,0.218572677
CRACKERS,CRACKERS - REMAINING,3.758415842,0.218572677
CRACKERS,WAFERS & TOAST & BREAD STICKS,3.758415842,0.218572677
CRACKERS,CRACKERS - FLAVORED SNACK,3.758415842,0.218572677
CRACKERS,CRACKERS - OYSTER,3.758415842,0.218572677
CRACKERS,PERISHABLE CRACKER,3.758415842,0.218572677
DEODORANT,DEODORANTS - PERSONAL,4.751585624,0.488375809
DEODORANT,DEODORANTS - COLOGNE TYPE,4.751585624,0.488375809
"DESSERTS, GELATINS, SYRUP",SYRUP-SPECIALTY,5.058945191,0.571872685
"DESSERTS, GELATINS, SYRUP",PUDDING/PIE FILLING - CANNED,5.058945191,0.571872685
"DESSERTS, GELATINS, SYRUP",SYRUP-CHOCOLATE,5.058945191,0.571872685
"DESSERTS, GELATINS, SYRUP",TOPPINGS-MIXES,5.058945191,0.571872685
"DESSERTS, GELATINS, SYRUP",TOPPINGS-LIQUID & DRY,5.058945191,0.571872685
"DESSERTS, GELATINS, SYRUP",PUDDING - PLUM - CANNED,5.058945191,0.571872685
"DESSERTS, GELATINS, SYRUP",GELATIN-SWEETENED-MIX,5.058945191,0.571872685
"DESSERTS, GELATINS, SYRUP",GELATIN - DIET - MIX,5.058945191,0.571872685
"DESSERTS, GELATINS, SYRUP",PUDDING - SWEETENED - MIX,5.058945191,0.571872685
"DESSERTS, GELATINS, SYRUP",MIXES-ICE CREAM,5.058945191,0.571872685
"DESSERTS, GELATINS, SYRUP",PUDDING - DIET - MIX,5.058945191,0.571872685
"DESSERTS, GELATINS, SYRUP",DESSERTS - RTS SINGLE SERVINGS - CANNED,5.058945191,0.571872685
DESSERTS/FRUITS/TOPPINGS-FROZEN,FROZEN FRUITS,5.058945191,0.571872685
DESSERTS/FRUITS/TOPPINGS-FROZEN,FROZEN DESSERTS,5.058945191,0.571872685
DESSERTS/FRUITS/TOPPINGS-FROZEN,FROZEN CREAM SUBSTITUTES,5.058945191,0.571872685
DESSERTS/FRUITS/TOPPINGS-FROZEN,TOPPINGS-WHIPPED-FROZEN,5.058945191,0.571872685
"PUDDING, DESSERTS-DAIRY",PERISHABLE PREPARED GELATIN,5.058945191,0.571872685
"PUDDING, DESSERTS-DAIRY",PERISHABLE PREPARED PUDDING,5.058945191,0.571872685
"PUDDING, DESSERTS-DAIRY",PUDDING-REFRIGERATED,5.058945191,0.571872685
DETERGENTS,DETERGENTS-PACKAGED,4.22970297,0.346601888
DETERGENTS,DETERGENTS - LIGHT DUTY,4.22970297,0.346601888
DETERGENTS,DETERGENTS - HEAVY DUTY - LIQUID,4.22970297,0.346601888
DETERGENTS,PACKAGED SOAP,4.22970297,0.346601888
DETERGENTS,AUTOMATIC DISHWASHER COMPOUNDS,4.22970297,0.346601888
DETERGENTS,DISHWASHER RINSING AIDS,4.22970297,0.346601888
DIET AIDS,DIETING AIDS - APPETITE SUPPRESSANT,5.19958635,0.610079068
DIET AIDS,DIETING AIDS-COMPLETE NUTRITIONAL,5.19958635,0.610079068
DRESSINGS/SALADS/PREP FOODS-DELI,REFERENCE CARD PREPARED FOODS,4.417821782,0.397705985
DRESSINGS/SALADS/PREP FOODS-DELI,REFERENCE CARD TAKE OUT,4.417821782,0.397705985
DRESSINGS/SALADS/PREP FOODS-DELI,PERISHABLE CRACKLIN AND MUSH SCRPL,4.417821782,0.397705985
DRESSINGS/SALADS/PREP FOODS-DELI,PERISHABLE PRECUT FRESH SALAD MIX,4.417821782,0.397705985
DRESSINGS/SALADS/PREP FOODS-DELI,PERISHABLE PREPARED SALAD,4.417821782,0.397705985
DRESSINGS/SALADS/PREP FOODS-DELI,PERISHABLE PREPARED SANDWICH,4.417821782,0.397705985
DRESSINGS/SALADS/PREP FOODS-DELI,PERISHABLE FROZEN AND REFRIGERATED FRUIT,4.417821782,0.397705985
DRESSINGS/SALADS/PREP FOODS-DELI,PASTA - REFRIGERATED,4.417821782,0.397705985
DRESSINGS/SALADS/PREP FOODS-DELI,PRECUT FRESH SALAD MIX,4.417821782,0.397705985
DRESSINGS/SALADS/PREP FOODS-DELI,FRUIT-REFRIGERATED,4.417821782,0.397705985
DRESSINGS/SALADS/PREP FOODS-DELI,GELATIN SALADS-REFRIGERATED,4.417821782,0.397705985
DRESSINGS/SALADS/PREP FOODS-DELI,FRUIT SALADS-REFRIGERATED,4.417821782,0.397705985
DRESSINGS/SALADS/PREP FOODS-DELI,REMAINING-READY MADE SALADS,4.417821782,0.397705985
DRESSINGS/SALADS/PREP FOODS-DELI,SAUERKRAUT-REFRIGERATED,4.417821782,0.397705985
DRESSINGS/SALADS/PREP FOODS-DELI,SALAD DRESSING-REFRIGERATED,4.417821782,0.397705985
DRESSINGS/SALADS/PREP FOODS-DELI,MEAT & SANDWICH SPREADS-REFRIGERATED,4.417821782,0.397705985
DRESSINGS/SALADS/PREP FOODS-DELI,HORSERADISH,4.417821782,0.397705985
DRESSINGS/SALADS/PREP FOODS-DELI,CHILI-REFRIGERATED,4.417821782,0.397705985
DRESSINGS/SALADS/PREP FOODS-DELI,ENTREES-REFRIGERATED,4.417821782,0.397705985
DRESSINGS/SALADS/PREP FOODS-DELI,SANDWICHES-REFRIGERATED/FROZEN,4.417821782,0.397705985
DRESSINGS/SALADS/PREP FOODS-DELI,COMBINATION LUNCHES,4.417821782,0.397705985
DRESSINGS/SALADS/PREP FOODS-DELI,CRACKLINS - REFRIGERATED,4.417821782,0.397705985
DRESSINGS/SALADS/PREP FOODS-DELI,PIZZA-REFRIGERATED,4.417821782,0.397705985
DRESSINGS/SALADS/PREP FOODS-DELI,RBC PREPARED SALAD,4.417821782,0.397705985
VEGETABLES AND GRAINS - DRIED,REFERENCE CARD CANDY/NUTS/SEEDS,3.388012618,0.117949448
VEGETABLES AND GRAINS - DRIED,BEANS-DRY,3.388012618,0.117949448
VEGETABLES AND GRAINS - DRIED,PEAS & LENTILS & CORN - DRY,3.388012618,0.117949448
VEGETABLES AND GRAINS - DRIED,BARLEY-DRY,3.388012618,0.117949448
VEGETABLES AND GRAINS - DRIED,RICE - PACKAGED AND BULK,3.388012618,0.117949448
VEGETABLES AND GRAINS - DRIED,RICE - INSTANT,3.388012618,0.117949448
VEGETABLES AND GRAINS - DRIED,TAPIOCA - PURE,3.388012618,0.117949448
VEGETABLES AND GRAINS - DRIED,PERISHABLE DRIED VEGETABLE,3.388012618,0.117949448
VEGETABLES AND GRAINS - DRIED,GRAIN - REMAINING,3.388012618,0.117949448
EGGS,PERISHABLE EGG,3.741584158,0.214000205
EGGS,EGGS-FRESH,3.741584158,0.214000205
"HOUSEWARES, APPLIANCES",MICROWAVE OVEN APPLIANCE,6.193480547,0.880078995
"HOUSEWARES, APPLIANCES",REFRIGERATOR AND FREEZER APPLIANCE,6.193480547,0.880078995
"HOUSEWARES, APPLIANCES",BURNER AND RANGE APPLIANCE,6.193480547,0.880078995
MEDICATIONS/REMEDIES/HEALTH AIDS,EYEGLASS ACCESSORIES,5.72066459,0.751634464
FEMININE HYGIENE,FEMININE HYGIENE-DOUCHES,4.564356436,0.437513387
FEMININE HYGIENE,FEMININE HYGIENE-DEODORANT SPRAYS,4.564356436,0.437513387
FEMININE HYGIENE,FEMININE HYGIENE-TOWELETTES,4.564356436,0.437513387
FEMININE HYGIENE,FEMININE HYGIENE-MISCELLANEOUS,4.564356436,0.437513387
SANITARY PROTECTION,SANITARY NAPKINS,4.564356436,0.437513387
SANITARY PROTECTION,TAMPONS,4.564356436,0.437513387
SANITARY PROTECTION,SANITARY BELTS AND PANTIES,4.564356436,0.437513387
TOYS & SPORTING GOODS,CAMPING & OUTDOOR EQUIPMENT,5.556745182,0.707104344
TOYS & SPORTING GOODS,FISHING EQUIPMENT,5.556745182,0.707104344
TOYS & SPORTING GOODS,HUNTING EQUIPMENT,5.556745182,0.707104344
"FLORAL, GARDENING",REFERENCE CARD FLORAL,5.446088795,0.677043583
"FLORAL, GARDENING",FLOWER AND PLANT ARTIFICIAL,5.446088795,0.677043583
"FLORAL, GARDENING",PERISHABLE FLOWER PLANT ARTIFICIAL REAL,5.446088795,0.677043583
"FLORAL, GARDENING","GARDEN, LAWN & PLANT SUPPLIES",5.446088795,0.677043583
"FLORAL, GARDENING","GARDEN, LAWN & PLANT CHEMICALS & ADDITIVES",5.446088795,0.677043583
"FLORAL, GARDENING",LAWN AND SOIL FERTILIZER AND TREATMENT,5.446088795,0.677043583
"FLORAL, GARDENING",GRASS SEED,5.446088795,0.677043583
FRAGRANCES - WOMEN,COLOGNE & PERFUME-WOMEN'S,6.388090349,0.932946425
FRAGRANCES - WOMEN,WOMEN'S GIFT SETS & SKIN CARE PACKAGES,6.388090349,0.932946425
FRESH PRODUCE,REFERENCE CARD FRUITS,4.960805085,0.54521208
FRESH PRODUCE,REFERENCE CARD VEGETABLES,4.960805085,0.54521208
FRESH PRODUCE,PERISHABLE FRESH FRUIT,4.960805085,0.54521208
FRESH PRODUCE,PERISHABLE PRECUT FRESH AND RFRGT FRT,4.960805085,0.54521208
FRESH PRODUCE,PERISHABLE FRESH VEGETABLE AND HERB,4.960805085,0.54521208
FRESH PRODUCE,PERISHABLE PRECUT FRESH AND RFRGT VGTBL,4.960805085,0.54521208
FRESH PRODUCE,PERISHABLE SHELF STABLE FRUIT,4.960805085,0.54521208
FRESH PRODUCE,PERISHABLE COCONUT,4.960805085,0.54521208
FRESH PRODUCE,FRESH APPLES,4.960805085,0.54521208
FRESH PRODUCE,FRESH SPROUTS,4.960805085,0.54521208
FRESH PRODUCE,FRESH HERBS,4.960805085,0.54521208
FRESH PRODUCE,FRESH MUSHROOMS,4.960805085,0.54521208
FRESH PRODUCE,FRESH CARROTS,4.960805085,0.54521208
FRESH PRODUCE,FRESH CAULIFLOWER,4.960805085,0.54521208
FRESH PRODUCE,FRESH CELERY,4.960805085,0.54521208
FRESH PRODUCE,FRESH CRANBERRIES,4.960805085,0.54521208
FRESH PRODUCE,FRESH GARLIC,4.960805085,0.54521208
FRESH PRODUCE,FRESH GRAPEFRUIT,4.960805085,0.54521208
FRESH PRODUCE,FRESH FRUIT-REMAINING,4.960805085,0.54521208
FRESH PRODUCE,FRESH KIWI,4.960805085,0.54521208
FRESH PRODUCE,FRESH LETTUCE,4.960805085,0.54521208
FRESH PRODUCE,FRESH VEGETABLES-REMAINING,4.960805085,0.54521208
FRESH PRODUCE,FRESH ONIONS,4.960805085,0.54521208
FRESH PRODUCE,FRESH ORANGES,4.960805085,0.54521208
FRESH PRODUCE,FRESH POTATOES,4.960805085,0.54521208
FRESH PRODUCE,FRESH RADISHES,4.960805085,0.54521208
FRESH PRODUCE,FRESH SPINACH,4.960805085,0.54521208
FRESH PRODUCE,FRESH STRAWBERRIES,4.960805085,0.54521208
FRESH PRODUCE,FRESH TOMATOES,4.960805085,0.54521208
FRESH PRODUCE,FRESH FLOWERS,4.960805085,0.54521208
FRESH PRODUCE,RBC FRESH FRUIT,4.960805085,0.54521208
FRESH PRODUCE,RBC PRECUT FRESH AND REFRIGERATED FRUIT,4.960805085,0.54521208
FRESH PRODUCE,RBC FRESH VEGETABLE AND HERB,4.960805085,0.54521208
FRESH PRODUCE,RBC PRECUT FRESH AND RFRGR VEGETABLE,4.960805085,0.54521208
FRESH MEAT,PERISHABLE FRESH AND FROZEN MEAT,5.580576307,0.713578275
FRESH MEAT,FRESH MEAT,5.580576307,0.713578275
FRESHENERS AND DEODORIZERS,TOILET BOWL - DEODORIZERS,4.826403326,0.508700683
FRESHENERS AND DEODORIZERS,AIR/SPECIALTY FRESHNERS - AEROSOL SPRAY & PUMP,4.826403326,0.508700683
FRESHENERS AND DEODORIZERS,AIR/SPECIALTY FRESHENERS - SOLID,4.826403326,0.508700683
FRESHENERS AND DEODORIZERS,AIR/SPECIALTY FRESHENERS - REMAINING,4.826403326,0.508700683
FRESHENERS AND DEODORIZERS,RUG & ROOM DEODORIZERS,4.826403326,0.508700683
UNPREP MEAT/POULTRY/SEAFOOD-FRZN,REFERENCE CARD MEAT,4.435643564,0.402547425
UNPREP MEAT/POULTRY/SEAFOOD-FRZN,REFERENCE CARD POULTRY,4.435643564,0.402547425
UNPREP MEAT/POULTRY/SEAFOOD-FRZN,REFERENCE CARD SEAFOOD,4.435643564,0.402547425
UNPREP MEAT/POULTRY/SEAFOOD-FRZN,PERISHABLE FROZEN REFRIGERATED SEAFOOD,4.435643564,0.402547425
UNPREP MEAT/POULTRY/SEAFOOD-FRZN,SEAFOOD - FISH - BREADED - FROZEN,4.435643564,0.402547425
UNPREP MEAT/POULTRY/SEAFOOD-FRZN,SEAFOOD - SHRIMP - BREADED - FROZEN,4.435643564,0.402547425
UNPREP MEAT/POULTRY/SEAFOOD-FRZN,SEAFOOD-CRAB-UNBREADED-FROZEN,4.435643564,0.402547425
UNPREP MEAT/POULTRY/SEAFOOD-FRZN,SEAFOOD-REMAINING-BREADED-FROZEN,4.435643564,0.402547425
UNPREP MEAT/POULTRY/SEAFOOD-FRZN,FROZEN MEAT - REMAINING,4.435643564,0.402547425
UNPREP MEAT/POULTRY/SEAFOOD-FRZN,FROZEN POULTRY,4.435643564,0.402547425
UNPREP MEAT/POULTRY/SEAFOOD-FRZN,SEAFOOD - SHRIMP - UNBREADED - FROZEN,4.435643564,0.402547425
UNPREP MEAT/POULTRY/SEAFOOD-FRZN,SEAFOOD-FISH-UNBREADED-FROZEN,4.435643564,0.402547425
UNPREP MEAT/POULTRY/SEAFOOD-FRZN,SEAFOOD-REMAINING-UNBREADED-FROZEN,4.435643564,0.402547425
UNPREP MEAT/POULTRY/SEAFOOD-FRZN,FROZEN MEAT-BEEF STEAK,4.435643564,0.402547425
UNPREP MEAT/POULTRY/SEAFOOD-FRZN,FROZEN MEAT - GROUND BEEF,4.435643564,0.402547425
UNPREP MEAT/POULTRY/SEAFOOD-FRZN,FROZEN MEAT - PORK,4.435643564,0.402547425
UNPREP MEAT/POULTRY/SEAFOOD-FRZN,FROZEN MEAT - SANDWICH STEAK,4.435643564,0.402547425
UNPREP MEAT/POULTRY/SEAFOOD-FRZN,FROZEN MEAT - VEAL,4.435643564,0.402547425
UNPREP MEAT/POULTRY/SEAFOOD-FRZN,RBC FROZEN AND REFRIGERATED SEAFOOD,4.435643564,0.402547425
UNPREP MEAT/POULTRY/SEAFOOD-FRZN,RBC FRESH AND FROZEN MEAT,4.435643564,0.402547425
PIZZA/SNACKS/HORS DOEURVES-FRZN,PERISHABLE PIZZA,3.611881188,0.178765275
PIZZA/SNACKS/HORS DOEURVES-FRZN,PERISHABLE PREPARED APPETIZER,3.611881188,0.178765275
PIZZA/SNACKS/HORS DOEURVES-FRZN,FROZEN/REFRIGERATED HORS D' OEUVRES & SNACKS,3.611881188,0.178765275
PIZZA/SNACKS/HORS DOEURVES-FRZN,PIZZA-FROZEN,3.611881188,0.178765275
PIZZA/SNACKS/HORS DOEURVES-FRZN,PIZZA CRUST-FROZEN,3.611881188,0.178765275
PIZZA/SNACKS/HORS DOEURVES-FRZN,RBC PIZZA,3.611881188,0.178765275
PIZZA/SNACKS/HORS DOEURVES-FRZN,RBC PREPARED APPETIZER,3.611881188,0.178765275
VEGETABLES-FROZEN,PERISHABLE FROZEN RFRGR FRESH SPCLT PT,3.137681159,0.049944749
VEGETABLES-FROZEN,PERISHABLE FROZEN REFRIGERATED VGTBL,3.137681159,0.049944749
VEGETABLES-FROZEN,VEGETABLES - CORN ON THE COB - FROZEN,3.137681159,0.049944749
VEGETABLES-FROZEN,VEGETABLES -IN PASTRY - FROZEN,3.137681159,0.049944749
VEGETABLES-FROZEN,VEGETABLES - PEAS - FROZEN,3.137681159,0.049944749
VEGETABLES-FROZEN,VEGETABLES - CORN - FROZEN,3.137681159,0.049944749
VEGETABLES-FROZEN,VEGETABLES-GREEN BEANS-FROZEN,3.137681159,0.049944749
VEGETABLES-FROZEN,VEGETABLES - POTATOES - FROZEN/REFRIGERATED,3.137681159,0.049944749
VEGETABLES-FROZEN,VEGETABLES - BREADED - FROZEN,3.137681159,0.049944749
VEGETABLES-FROZEN,VEGETABLES - REMAINING - FROZEN,3.137681159,0.049944749
VEGETABLES-FROZEN,VEGETABLES - MUSHROOMS - BREADED - FROZEN,3.137681159,0.049944749
VEGETABLES-FROZEN,VEGETABLES - ONIONS - BREADED - FROZEN,3.137681159,0.049944749
VEGETABLES-FROZEN,VEGETABLES-IN SAUCE-FROZEN,3.137681159,0.049944749
VEGETABLES-FROZEN,VEGETABLES - MIXED - FROZEN,3.137681159,0.049944749
VEGETABLES-FROZEN,VEGETABLES - BROCCOLI - FROZEN,3.137681159,0.049944749
VEGETABLES-FROZEN,VEGETABLES - CARROTS - FROZEN,3.137681159,0.049944749
VEGETABLES-FROZEN,VEGETABLES - LIMA BEANS - FROZEN,3.137681159,0.049944749
GRT CARDS/PARTY NEEDS/NOVELTIES,EGG COLORING KITS/DYE,5.199794027,0.610135486
GRT CARDS/PARTY NEEDS/NOVELTIES,CANDLES,5.199794027,0.610135486
GRT CARDS/PARTY NEEDS/NOVELTIES,CANDLE HOLDER AND ACCESSORY,5.199794027,0.610135486
GRT CARDS/PARTY NEEDS/NOVELTIES,INCENSE,5.199794027,0.610135486
GRT CARDS/PARTY NEEDS/NOVELTIES,CANDLES & CANDLE HOLDERS,5.199794027,0.610135486
GRT CARDS/PARTY NEEDS/NOVELTIES,DECORATIONS - PARTY,5.199794027,0.610135486
GRT CARDS/PARTY NEEDS/NOVELTIES,HOLIDAY NOVELTIES,5.199794027,0.610135486
GRT CARDS/PARTY NEEDS/NOVELTIES,CARDS-GREETING,5.199794027,0.610135486
GRT CARDS/PARTY NEEDS/NOVELTIES,TAGS AND BOWS,5.199794027,0.610135486
GRT CARDS/PARTY NEEDS/NOVELTIES,PARTY GOODS AND FAVORS,5.199794027,0.610135486
GRT CARDS/PARTY NEEDS/NOVELTIES,GIFT WRAP,5.199794027,0.610135486
GROOMING AIDS,FALSE NAIL AND NAIL DECORATION,5.557411273,0.707285294
GROOMING AIDS,HAIR CARE AND FASHION ACCESSORY,5.557411273,0.707285294
GROOMING AIDS,COSMETIC AND NAIL GROOMING ACCESSORY,5.557411273,0.707285294
GROOMING AIDS,SPONGES - CLEANSING - PERSONAL,5.557411273,0.707285294
GROOMING AIDS,SPONGES - PERSONAL,5.557411273,0.707285294
GROOMING AIDS,MAKE UP MIRRORS,5.557411273,0.707285294
GROOMING AIDS,COSMETICS - NONCOTTON APLCTRS/PUFFS/ETC.,5.557411273,0.707285294
GROOMING AIDS,MANICURING NEEDS,5.557411273,0.707285294
GROOMING AIDS,COSMETIC & TRAVEL ACCESSORIES,5.557411273,0.707285294
GROOMING AIDS,COSMETICS - APPLICATOR BRUSHES,5.557411273,0.707285294
GROOMING AIDS,HAIR ACCESSORIES,5.557411273,0.707285294
GROOMING AIDS,HAIR NETS & CAPS,5.557411273,0.707285294
GROOMING AIDS,COMBS & BRUSHES,5.557411273,0.707285294
GROOMING AIDS,TWEEZERS,5.557411273,0.707285294
GROOMING AIDS,HAIR GROOMING AIDS,5.557411273,0.707285294
HAIR CARE,SHAMPOO-AEROSOL/ LIQUID/ LOTION/ POWDER,6.14507772,0.86692995
HAIR CARE,CREME RINSES & CONDITIONERS,6.14507772,0.86692995
HAIR CARE,WAVE SETTING PRODUCTS,6.14507772,0.86692995
HAIR CARE,HAIR SPRAY - WOMEN'S,6.14507772,0.86692995
HAIR CARE,HAIR SPRAY - MEN'S,6.14507772,0.86692995
HAIR CARE,HOME PERMANENTS,6.14507772,0.86692995
HAIR CARE,HAIR COLORING - WOMEN'S,6.14507772,0.86692995
HAIR CARE,SHAMPOO-BARS/ CONCENTRATES/ AND CREAMS,6.14507772,0.86692995
HAIR CARE,HAIR PREPARATIONS - OTHER THAN MEN'S,6.14507772,0.86692995
HAIR CARE,HAIR PREPARATIONS-MEN'S,6.14507772,0.86692995
HAIR CARE,HAIR COLORING - MEN'S,6.14507772,0.86692995
HAIR CARE,SHAMPOO-COMBINATIONS,6.14507772,0.86692995
HAIR CARE,HAIR COLORING - COSTUME,6.14507772,0.86692995
HAIR CARE,HAIR GROWTH PRODUCT,6.14507772,0.86692995
"HARDWARE, TOOLS",STORAGE AND SPACE MANAGEMENT,4.234653465,0.347946733
"HARDWARE, TOOLS",TRASH AND RECYCLING BIN,4.234653465,0.347946733
"HARDWARE, TOOLS",SCENT HOLDER,4.234653465,0.347946733
"HARDWARE, TOOLS",BRUSHES-PAINTING,4.234653465,0.347946733
"HARDWARE, TOOLS",BUCKETS & PAILS,4.234653465,0.347946733
"HARDWARE, TOOLS",WASTEBASKETS & RECYCLING BINS,4.234653465,0.347946733
"HARDWARE, TOOLS",HOUSEHOLD ACCESSORIES,4.234653465,0.347946733
"HARDWARE, TOOLS",HARDWARE-ANCHORS & HANGERS,4.234653465,0.347946733
"HARDWARE, TOOLS",HARDWARE-NAILS & TACKS,4.234653465,0.347946733
"HARDWARE, TOOLS","HARDWARE-NUTS, BOLTS & MISC. FASTENERS",4.234653465,0.347946733
"HARDWARE, TOOLS",HARDWARE - LOCKS & LATCHES,4.234653465,0.347946733
"HARDWARE, TOOLS",HARDWARE-SCREWS,4.234653465,0.347946733
"HARDWARE, TOOLS",HOUSEHOLD REPAIR & MAINTENANCE PRODUCTS,4.234653465,0.347946733
"HARDWARE, TOOLS",SANDPAPER & ACCESSORIES,4.234653465,0.347946733
"HARDWARE, TOOLS",HARDWARE-TOOLS,4.234653465,0.347946733
"HARDWARE, TOOLS",PAINT,4.234653465,0.347946733
"HARDWARE, TOOLS",PAINTING AIDS,4.234653465,0.347946733
"HARDWARE, TOOLS",VARNISH & SHELLAC,4.234653465,0.347946733
"HARDWARE, TOOLS",HOUSEHOLD STORAGE BAGS,4.234653465,0.347946733
"HARDWARE, TOOLS",PLUMBING ACCESSORIES,4.234653465,0.347946733
"HOUSEWARES, APPLIANCES",HOUSEHOLD APPLIANCES,5.735849057,0.755759456
"HOUSEWARES, APPLIANCES",HEATER APPLIANCE,5.735849057,0.755759456
"HOUSEWARES, APPLIANCES",HUMIDIFIER AND VAPORIZER APPLIANCE,5.735849057,0.755759456
"HOUSEWARES, APPLIANCES",FAN AND CEILING FAN APPLIANCE,5.735849057,0.755759456
"HOUSEWARES, APPLIANCES",AIR PURIFIER CONDITIONER FURNACE FILTER,5.735849057,0.755759456
"HOUSEWARES, APPLIANCES",AIR CONDITIONER APPLIANCE,5.735849057,0.755759456
"HOUSEWARES, APPLIANCES",AIR PURIFIER AND CLEANER APPLIANCE,5.735849057,0.755759456
"HOSIERY, SOCKS",HOSIERY,5.065843621,0.573746703
"HOSIERY, SOCKS",SOCKS,5.065843621,0.573746703
HOUSEHOLD CLEANERS,AMMONIA,4.187128713,0.335036224
HOUSEHOLD CLEANERS,DISINFECTANTS,4.187128713,0.335036224
HOUSEHOLD CLEANERS,CLEANERS - DISINFECTANTS,4.187128713,0.335036224
HOUSEHOLD CLEANERS,TOILET BOWL - CLEANERS,4.187128713,0.335036224
HOUSEHOLD CLEANERS,CLEANERS-SEPTIC TANK,4.187128713,0.335036224
HOUSEHOLD CLEANERS,RUST REMOVERS,4.187128713,0.335036224
HOUSEHOLD CLEANERS,ABRASIVE CLEANSERS-POWDERED,4.187128713,0.335036224
HOUSEHOLD CLEANERS,ABRASIVE CLEANSERS-LIQUID,4.187128713,0.335036224
HOUSEHOLD CLEANERS,CLEANERS - WINDOW,4.187128713,0.335036224
HOUSEHOLD CLEANERS,CLEANERS-METAL,4.187128713,0.335036224
HOUSEHOLD CLEANERS,CLEANERS-PASTE & JELLY,4.187128713,0.335036224
HOUSEHOLD CLEANERS,CLEANERS-HUMIDIFIERS/VAPORIZERS,4.187128713,0.335036224
HOUSEHOLD CLEANERS,OVEN CLEANERS,4.187128713,0.335036224
HOUSEHOLD CLEANERS,CLEANERS - NON-DISINFECTANT,4.187128713,0.335036224
HOUSEHOLD CLEANERS,CLEANERS - POWDERS,4.187128713,0.335036224
HOUSEHOLD CLEANERS,CLEANERS - BATHROOM,4.187128713,0.335036224
HOUSEHOLD CLEANERS,UPHOLSTERY CLEANERS,4.187128713,0.335036224
HOUSEHOLD CLEANERS,RUG CLEANERS,4.187128713,0.335036224
HOUSEHOLD CLEANERS,FLOOR CARE-CLEANERS,4.187128713,0.335036224
HOUSEHOLD CLEANERS,POOL AND SPA CHEMICALS AND TREATMENT,4.187128713,0.335036224
HOUSEHOLD SUPPLIES,BATHROOM ACCESSORY,4.203960396,0.339608696
HOUSEHOLD SUPPLIES,RBC HOME AND OUTDOOR WEATHER SUPPLY,4.203960396,0.339608696
HOUSEHOLD SUPPLIES,LAUNDRY BAR SOAP,4.203960396,0.339608696
HOUSEHOLD SUPPLIES,WATER SOFTENERS & CONDITIONERS,4.203960396,0.339608696
HOUSEHOLD SUPPLIES,SALT-WATER SOFTENING,4.203960396,0.339608696
HOUSEHOLD SUPPLIES,DRAIN PIPE OPENERS,4.203960396,0.339608696
HOUSEHOLD SUPPLIES,SCOURING PADS,4.203960396,0.339608696
HOUSEHOLD SUPPLIES,STEEL WOOL,4.203960396,0.339608696
HOUSEHOLD SUPPLIES,POLISHES,4.203960396,0.339608696
HOUSEHOLD SUPPLIES,SPONGES AND SQUEEGEES - HOUSEHOLD,4.203960396,0.339608696
HOUSEHOLD SUPPLIES,FURNITURE POLISH,4.203960396,0.339608696
HOUSEHOLD SUPPLIES,FLOOR CARE - WAXES,4.203960396,0.339608696
HOUSEHOLD SUPPLIES,WAX REMOVER,4.203960396,0.339608696
HOUSEHOLD SUPPLIES,VACUUM CLEANER BAGS & ACCESSORIES,4.203960396,0.339608696
HOUSEHOLD SUPPLIES,SHELF PAPER & WALL COVERINGS,4.203960396,0.339608696
HOUSEHOLD SUPPLIES,TOOTHPICKS,4.203960396,0.339608696
HOUSEHOLD SUPPLIES,HOUSEHOLD OIL,4.203960396,0.339608696
HOUSEHOLD SUPPLIES,BRUSHES-KITCHEN & SCRUB,4.203960396,0.339608696
HOUSEHOLD SUPPLIES,BRUSHES-BATHROOM,4.203960396,0.339608696
HOUSEHOLD SUPPLIES,BRUSHES - MISCELLANEOUS,4.203960396,0.339608696
HOUSEHOLD SUPPLIES,BATHROOM ACCESSORIES,4.203960396,0.339608696
HOUSEHOLD SUPPLIES,THERMOMETERS-HOUSEHOLD/OUTDOOR,4.203960396,0.339608696
HOUSEHOLD SUPPLIES,HOUSEHOLD AREA ALLERGEN CONTROL,4.203960396,0.339608696
HOUSEHOLD SUPPLIES,WATER FILTRATION STORAGE CONTAINER,4.203960396,0.339608696
HOUSEHOLD SUPPLIES,MOTH PREVENTATIVES,4.203960396,0.339608696
HOUSEHOLD SUPPLIES,MILDEW REMOVERS & PREVENTATIVES,4.203960396,0.339608696
HOUSEHOLD SUPPLIES,CLOTH-POLISHING/CLEANING,4.203960396,0.339608696
HOUSEHOLD SUPPLIES,BROOMS/ MOPS & WAX APPLICATORS,4.203960396,0.339608696
HOUSEHOLD SUPPLIES,DUSTPANS,4.203960396,0.339608696
HOUSEHOLD SUPPLIES,FEATHER DUSTERS,4.203960396,0.339608696
HOUSEHOLD SUPPLIES,WATER CONDITIONERS FILTERS AND UNITS,4.203960396,0.339608696
HOUSEHOLD SUPPLIES,STRING & ROPE,4.203960396,0.339608696
COOKIES,ICE CREAM CONES & CUPS,4.720930233,0.480048008
"ICE CREAM, NOVELTIES",PERISHABLE NOVELTY,4.720930233,0.480048008
"ICE CREAM, NOVELTIES",PERISHABLE ICE CREAM - BULK,4.720930233,0.480048008
"ICE CREAM, NOVELTIES",YOGURT - FROZEN,4.720930233,0.480048008
"ICE CREAM, NOVELTIES",ICE CREAM - BULK,4.720930233,0.480048008
"ICE CREAM, NOVELTIES",ICE MILK AND SHERBET,4.720930233,0.480048008
"ICE CREAM, NOVELTIES",FROZEN NOVELTIES,4.720930233,0.480048008
INSECTICDS/PESTICDS/RODENTICDS,INSECTICIDE - ANT -TRAPS,3.454455446,0.135999215
INSECTICDS/PESTICDS/RODENTICDS,INSECTICIDE - ROACH - TRAPS & MOTELS,3.454455446,0.135999215
INSECTICDS/PESTICDS/RODENTICDS,INSECTICIDE - HOUSE & GARDEN - AEROSOL,3.454455446,0.135999215
INSECTICDS/PESTICDS/RODENTICDS,INSECTICIDE - FLEA & TICK - AEROSOL,3.454455446,0.135999215
INSECTICDS/PESTICDS/RODENTICDS,INSECTICIDE - FLEA & TICK - FOGGER,3.454455446,0.135999215
INSECTICDS/PESTICDS/RODENTICDS,INSECTICIDE - MISCELLANEOUS FLY PRODUCTS,3.454455446,0.135999215
INSECTICDS/PESTICDS/RODENTICDS,INSECTICIDE - MISCELLANEOUS ROACH PRODUCTS,3.454455446,0.135999215
INSECTICDS/PESTICDS/RODENTICDS,PESTICIDES - TOMATO & VEGETABLE,3.454455446,0.135999215
INSECTICDS/PESTICDS/RODENTICDS,INSECTICIDE-FLYING INSECT-AEROSOL,3.454455446,0.135999215
INSECTICDS/PESTICDS/RODENTICDS,INSECTICIDE-FLYING/CRAWLING INSECT-STRIP SOLID,3.454455446,0.135999215
INSECTICDS/PESTICDS/RODENTICDS,INSECTICIDE-FLYING INSECT-LIQUID,3.454455446,0.135999215
INSECTICDS/PESTICDS/RODENTICDS,INSECTICIDE-ANT & ROACH-REGULAR AEROSOL,3.454455446,0.135999215
INSECTICDS/PESTICDS/RODENTICDS,INSECTICIDE-ANT & ROACH-PROFESSIONAL-AEROSOL,3.454455446,0.135999215
INSECTICDS/PESTICDS/RODENTICDS,INSECTICIDE-ANT & ROACH-CRACK & CREVICE-SPRAY,3.454455446,0.135999215
INSECTICDS/PESTICDS/RODENTICDS,INSECTICIDE-ANT & ROACH-LIQUID,3.454455446,0.135999215
INSECTICDS/PESTICDS/RODENTICDS,INSECTICIDE - ANT & ROACH - OTHER CONTINUOUS PRODUCTS,3.454455446,0.135999215
INSECTICDS/PESTICDS/RODENTICDS,PESTICIDES - REMAINING,3.454455446,0.135999215
INSECTICDS/PESTICDS/RODENTICDS,INSECTICIDE-ANT & ROACH-POWDER,3.454455446,0.135999215
INSECTICDS/PESTICDS/RODENTICDS,INSECTICIDE-INDOOR FOGGER,3.454455446,0.135999215
INSECTICDS/PESTICDS/RODENTICDS,INSECTICIDE - HOUSE &/OR GARDEN - OTHER FORMS,3.454455446,0.135999215
INSECTICDS/PESTICDS/RODENTICDS,INSECTICIDE - FLEA & TICK - LIQUID,3.454455446,0.135999215
INSECTICDS/PESTICDS/RODENTICDS,INSECTICIDE-OUTDOOR FOGGER,3.454455446,0.135999215
INSECTICDS/PESTICDS/RODENTICDS,INSECTICIDE - REMAINING MISCELLANEOUS PRODUCTS,3.454455446,0.135999215
INSECTICDS/PESTICDS/RODENTICDS,INSECTICIDE-WASP & HORNET,3.454455446,0.135999215
INSECTICDS/PESTICDS/RODENTICDS,INSECTICIDE-CONTAINER & SPRAYER,3.454455446,0.135999215
INSECTICDS/PESTICDS/RODENTICDS,SNAIL & SLUG KILLERS,3.454455446,0.135999215
INSECTICDS/PESTICDS/RODENTICDS,INSECT REPELLENTS,3.454455446,0.135999215
INSECTICDS/PESTICDS/RODENTICDS,MOUSE & RAT & MOLE TRAPS,3.454455446,0.135999215
INSECTICDS/PESTICDS/RODENTICDS,RODENTICIDES,3.454455446,0.135999215
"JAMS, JELLIES, SPREADS",GARLIC SPREADS,4.281188119,0.360588272
"JAMS, JELLIES, SPREADS",JAMS,4.281188119,0.360588272
"JAMS, JELLIES, SPREADS",JELLY,4.281188119,0.360588272
"JAMS, JELLIES, SPREADS",MARMALADE,4.281188119,0.360588272
"JAMS, JELLIES, SPREADS",PRESERVES,4.281188119,0.360588272
"JAMS, JELLIES, SPREADS",BUTTER-FRUIT & HONEY,4.281188119,0.360588272
"JAMS, JELLIES, SPREADS",HONEY,4.281188119,0.360588272
"JAMS, JELLIES, SPREADS",PEANUT BUTTER,4.281188119,0.360588272
"JAMS, JELLIES, SPREADS",FRUIT SPREADS,4.281188119,0.360588272
"JAMS, JELLIES, SPREADS",PERISHABLE HONEY,4.281188119,0.360588272
"JAMS, JELLIES, SPREADS",PERISHABLE JAM AND JELLY AND PRESERVES,4.281188119,0.360588272
"JAMS, JELLIES, SPREADS",PERISHABLE PEANUT BUTTER OTHER NUT BTR,4.281188119,0.360588272
CARBONATED BEVERAGES,REFERENCE CARD FOUNTAIN BEVERAGE,4.357425743,0.38129888
CARBONATED BEVERAGES,SOFT DRINKS - CARBONATED,4.357425743,0.38129888
CARBONATED BEVERAGES,SOFT DRINKS - LOW CALORIE,4.357425743,0.38129888
CARBONATED BEVERAGES,FOUNTAIN BEVERAGE SYRUP,4.357425743,0.38129888
"JUICE, DRINKS - CANNED, BOTTLED",FRUIT DRINKS & JUICES-CRANBERRY,4.357425743,0.38129888
"JUICE, DRINKS - CANNED, BOTTLED",CIDER,4.357425743,0.38129888
"JUICE, DRINKS - CANNED, BOTTLED",FRUIT JUICE - GRAPEFRUIT - OTHER CONTAINERS,4.357425743,0.38129888
"JUICE, DRINKS - CANNED, BOTTLED",FRUIT JUICE - APPLE,4.357425743,0.38129888
"JUICE, DRINKS - CANNED, BOTTLED",FRUIT JUICE - GRAPE,4.357425743,0.38129888
"JUICE, DRINKS - CANNED, BOTTLED",FRUIT JUICE-GRAPEFRUIT-CANNED,4.357425743,0.38129888
"JUICE, DRINKS - CANNED, BOTTLED",FRUIT JUICE - LEMON/LIME,4.357425743,0.38129888
"JUICE, DRINKS - CANNED, BOTTLED",FRUIT JUICE-ORANGE-CANNED,4.357425743,0.38129888
"JUICE, DRINKS - CANNED, BOTTLED",FRUIT JUICE - PINEAPPLE,4.357425743,0.38129888
"JUICE, DRINKS - CANNED, BOTTLED",FRUIT JUICE-PRUNE,4.357425743,0.38129888
"JUICE, DRINKS - CANNED, BOTTLED",FRUIT JUICE - ORANGE - OTHER CONTAINER,4.357425743,0.38129888
"JUICE, DRINKS - CANNED, BOTTLED",FRUIT DRINKS-CANNED,4.357425743,0.38129888
"JUICE, DRINKS - CANNED, BOTTLED",FRUIT DRINKS-OTHER CONTAINER,4.357425743,0.38129888
"JUICE, DRINKS - CANNED, BOTTLED",FRUIT JUICE-REMAINING,4.357425743,0.38129888
"JUICE, DRINKS - CANNED, BOTTLED",FRUIT JUICE-NECTARS,4.357425743,0.38129888
"JUICE, DRINKS - CANNED, BOTTLED",CLAM JUICE,4.357425743,0.38129888
"JUICE, DRINKS - CANNED, BOTTLED",VEGETABLE JUICE - TOMATO,4.357425743,0.38129888
"JUICE, DRINKS - CANNED, BOTTLED",VEGETABLE JUICE AND DRINK REMAINING,4.357425743,0.38129888
"JUICE, DRINKS - CANNED, BOTTLED",PERISHABLE JUICE AND DRINK,4.357425743,0.38129888
"JUICE, DRINKS - CANNED, BOTTLED",RBC JUICE AND DRINK,4.357425743,0.38129888
"JUICES, DRINKS-FROZEN",FRUIT JUICE - UNCONCENTRATED - FROZEN,4.357425743,0.38129888
"JUICES, DRINKS-FROZEN",FRUIT JUICE - GRAPEFRUIT - FROZEN,4.357425743,0.38129888
"JUICES, DRINKS-FROZEN",FRUIT JUICE - APPLE - FROZEN,4.357425743,0.38129888
"JUICES, DRINKS-FROZEN",FRUIT JUICE - ORANGE - FROZEN,4.357425743,0.38129888
"JUICES, DRINKS-FROZEN",FRUIT JUICE - GRAPE - FROZEN,4.357425743,0.38129888
"JUICES, DRINKS-FROZEN",FRUIT DRINKS - ORANGE - FROZEN,4.357425743,0.38129888
"JUICES, DRINKS-FROZEN",FRUIT DRINKS & MIXES - FROZEN,4.357425743,0.38129888
"JUICES, DRINKS-FROZEN",FRUIT JUICE - REMAINING - FROZEN,4.357425743,0.38129888
SOFT DRINKS-NON-CARBONATED,FRUIT PUNCH BASES & SYRUPS,4.357425743,0.38129888
SOFT DRINKS-NON-CARBONATED,BREAKFAST DRINKS - POWDERED,4.357425743,0.38129888
SOFT DRINKS-NON-CARBONATED,REMAINING DRINKS & SHAKES-NON REFRIGERATED,4.357425743,0.38129888
SOFT DRINKS-NON-CARBONATED,SOFT DRINKS - POWDERED,4.357425743,0.38129888
SOFT DRINKS-NON-CARBONATED,ICE POPS - UNFROZEN,4.357425743,0.38129888
SOFT DRINKS-NON-CARBONATED,COCKTAIL PRODUCTS-BITTERS & HEADS,4.357425743,0.38129888
SOFT DRINKS-NON-CARBONATED,COCKTAIL MIXES-LIQUID,4.357425743,0.38129888
SOFT DRINKS-NON-CARBONATED,COCKTAIL MIXES-DRY,4.357425743,0.38129888
SOFT DRINKS-NON-CARBONATED,WATER-BOTTLED,4.357425743,0.38129888
SOFT DRINKS-NON-CARBONATED,PERISHABLE SOFT DRINK AND WATER,4.357425743,0.38129888
SOFT DRINKS-NON-CARBONATED,PERISHABLE COCKTAIL MIX AND PRODUCT,4.357425743,0.38129888
SOFT DRINKS-NON-CARBONATED,RBC SOFT DRINK AND WATER,4.357425743,0.38129888
"HOUSEWARES, APPLIANCES",RBC BLENDER APPIANCE,6.081223629,0.849583435
"HOUSEWARES, APPLIANCES",RBC BREADMAKER APPLIANCE,6.081223629,0.849583435
"HOUSEWARES, APPLIANCES",RBC CAN OPENER APPLIANCE,6.081223629,0.849583435
"HOUSEWARES, APPLIANCES",RBC ELECTRIC KNIFE AND PEELER APPLIANCE,6.081223629,0.849583435
"HOUSEWARES, APPLIANCES",RBC FOOD PROCESSOR AND GRINDER APPLIANCE,6.081223629,0.849583435
"HOUSEWARES, APPLIANCES",RBC FRYER SKILLET WOK APPLIANCE,6.081223629,0.849583435
"HOUSEWARES, APPLIANCES",RBC GRIDDLE GRILL WAFFLE IRON APPLIANCE,6.081223629,0.849583435
"HOUSEWARES, APPLIANCES",RBC POPCORN POPPER APPLIANCE,6.081223629,0.849583435
"HOUSEWARES, APPLIANCES",RBC TOASTER AND TOASTER OVEN APPLIANCE,6.081223629,0.849583435
"HOUSEWARES, APPLIANCES",KITCHEN APPLIANCES,6.081223629,0.849583435
"HOUSEWARES, APPLIANCES",BREADMAKER APPLIANCE,6.081223629,0.849583435
"HOUSEWARES, APPLIANCES",TOASTER AND TOASTER OVEN APPLIANCE,6.081223629,0.849583435
"HOUSEWARES, APPLIANCES",BLENDER APPLIANCE,6.081223629,0.849583435
"HOUSEWARES, APPLIANCES",MIXER APPLIANCE,6.081223629,0.849583435
"HOUSEWARES, APPLIANCES",CAN OPENER APPLIANCE,6.081223629,0.849583435
"HOUSEWARES, APPLIANCES",JUICER APPLIANCE,6.081223629,0.849583435
"HOUSEWARES, APPLIANCES",POPCORN POPPER APPLIANCE,6.081223629,0.849583435
"HOUSEWARES, APPLIANCES",ELECTRIC KNIFE AND PEELER APPLIANCE,6.081223629,0.849583435
"HOUSEWARES, APPLIANCES",FOOD PROCESSOR AND GRINDER APPLIANCE,6.081223629,0.849583435
"HOUSEWARES, APPLIANCES",GRIDDLE GRILL WAFFLE IRON APPLIANCE,6.081223629,0.849583435
"HOUSEWARES, APPLIANCES",PASTA MAKER APPLIANCE,6.081223629,0.849583435
"HOUSEWARES, APPLIANCES",FRYER SKILLET WOK APPLIANCE,6.081223629,0.849583435
"HOUSEWARES, APPLIANCES",COOKER STEAMER AND DEHYDRATOR APPLIANCE,6.081223629,0.849583435
"HOUSEWARES, APPLIANCES",ICE CREAM AND YOGURT MAKER APPLIANCE,6.081223629,0.849583435
KITCHEN GADGETS,RBC KITCHEN CUTLERY AND FLATWARE,5.750775595,0.759814378
KITCHEN GADGETS,KITCHEN CUTLERY AND FLATWARE,5.750775595,0.759814378
KITCHEN GADGETS,FOOD STORAGE CONTAINERS,4.718487395,0.47938439
KITCHEN GADGETS,BEVERAGE STORAGE CONTAINER,4.718487395,0.47938439
KITCHEN GADGETS,DISHWASHING ACCESSORY PRODUCT,5.193679918,0.608474536
KITCHEN GADGETS,KITCHEN ACCESSORY PRODUCT,5.193679918,0.608474536
KITCHEN GADGETS,KITCHEN UTENSIL AND GADGET,5.193679918,0.608474536
KITCHEN GADGETS,MEASURE MIXING UTENSIL AND CONTAINER,5.193679918,0.608474536
KITCHEN GADGETS,BARTENDING ACCESSORIES,5.193679918,0.608474536
KITCHEN GADGETS,DISHWASHING ACCESSORIES,5.193679918,0.608474536
KITCHEN GADGETS,COOKING UTENSILS,5.193679918,0.608474536
KITCHEN GADGETS,MEASURING/MIXING CUPS & BOWLS,5.193679918,0.608474536
LAUNDRY SUPPLIES,LAUNDRY TREATMENT AIDS,4.28019802,0.360319303
LAUNDRY SUPPLIES,DETERGENT BOOSTERS,4.28019802,0.360319303
LAUNDRY SUPPLIES,FABRIC WASHES - SPECIAL,4.28019802,0.360319303
LAUNDRY SUPPLIES,FABRIC SOFTENERS-LIQUID,4.28019802,0.360319303
LAUNDRY SUPPLIES,FABRIC SOFTENERS-AEROSOL,4.28019802,0.360319303
LAUNDRY SUPPLIES,FABRIC SOFTENERS-DRY,4.28019802,0.360319303
LAUNDRY SUPPLIES,FABRIC FINISHERS,4.28019802,0.360319303
LAUNDRY SUPPLIES,FABRIC PROTECTORS,4.28019802,0.360319303
LAUNDRY SUPPLIES,BLEACH - DRY,4.28019802,0.360319303
LAUNDRY SUPPLIES,BORATEEM,4.28019802,0.360319303
LAUNDRY SUPPLIES,BLEACH - LIQUID/GEL,4.28019802,0.360319303
LAUNDRY SUPPLIES,BLUINGS,4.28019802,0.360319303
LAUNDRY SUPPLIES,STARCH - AEROSOL & SPRAY,4.28019802,0.360319303
LAUNDRY SUPPLIES,STARCH - DRY,4.28019802,0.360319303
LAUNDRY SUPPLIES,STARCH - LIQUID,4.28019802,0.360319303
LAUNDRY SUPPLIES,GREASE RELIEF,4.28019802,0.360319303
LAUNDRY SUPPLIES,SPOT & STAIN REMOVERS,4.28019802,0.360319303
LAUNDRY SUPPLIES,DYE AND DYE REMOVER,4.28019802,0.360319303
LAUNDRY SUPPLIES,LAUNDRY & IRONING ACCESSORIES,4.28019802,0.360319303
LAUNDRY SUPPLIES,LAUNDRY BASKETS & HAMPERS,4.28019802,0.360319303
LAUNDRY SUPPLIES,CLOTHESPINS,4.28019802,0.360319303
"LIGHT BULBS, ELECTRIC GOODS",FLASHLIGHT BULBS,4.225742574,0.345526012
"LIGHT BULBS, ELECTRIC GOODS",LAMPS - INCANDESCENT,4.225742574,0.345526012
"LIGHT BULBS, ELECTRIC GOODS",LAMPS - REMAINING,4.225742574,0.345526012
LIQUOR,BOURBON-STRAIGHT/BONDED,6.22010582,0.88731198
LIQUOR,BOURBON-BLENDED,6.22010582,0.88731198
LIQUOR,CANADIAN WHISKEY,6.22010582,0.88731198
LIQUOR,IRISH WHISKEY,6.22010582,0.88731198
LIQUOR,REMAINING WHISKEY,6.22010582,0.88731198
LIQUOR,SCOTCH,6.22010582,0.88731198
LIQUOR,GIN,6.22010582,0.88731198
LIQUOR,VODKA,6.22010582,0.88731198
LIQUOR,RUM,6.22010582,0.88731198
LIQUOR,TEQUILA,6.22010582,0.88731198
LIQUOR,BRANDY/COGNAC,6.22010582,0.88731198
LIQUOR,CORDIALS & PROPRIETARY LIQUEURS,6.22010582,0.88731198
LIQUOR,ALCOHOLIC COCKTAILS,6.22010582,0.88731198
LIQUOR,COOLERS - REMAINING,6.22010582,0.88731198
LIQUOR,FRUIT AND VEGETABLE IN ALCOHOL,6.22010582,0.88731198
COUGH AND COLD REMEDIES,COUGH DROPS,5.207941484,0.612348813
COUGH AND COLD REMEDIES,THROAT LOZENGES,5.207941484,0.612348813
COUGH AND COLD REMEDIES,COLD REMEDIES - CHILDREN,5.207941484,0.612348813
COUGH AND COLD REMEDIES,NASAL PRODUCT INTERNAL,5.207941484,0.612348813
COUGH AND COLD REMEDIES,COLD REMEDIES - ADULT,5.207941484,0.612348813
COUGH AND COLD REMEDIES,COUGH SYRUPS & TABLETS,5.207941484,0.612348813
COUGH AND COLD REMEDIES,SINUS REMEDIES,5.207941484,0.612348813
COUGH AND COLD REMEDIES,VAPORIZING PRODUCTS,5.207941484,0.612348813
FIRST AID,GERMICIDAL ANTISEPTICS,5.207941484,0.612348813
FIRST AID,FIRST AID - TREATMENTS,5.207941484,0.612348813
FIRST AID,COTTON - SWABS/BALLS/ROLLS/APLCTRS ETC.,5.207941484,0.612348813
FIRST AID,ADHESIVE BANDAGES,5.207941484,0.612348813
FIRST AID,ADHESIVE TAPE,5.207941484,0.612348813
FIRST AID,ADHESIVE BANDAGES - LIQUID - POWDER - PASTE,5.207941484,0.612348813
FIRST AID,FIRST AID - THERMOMETERS,5.207941484,0.612348813
FIRST AID,FIRST AID - ICE AND HEAT PACK,5.207941484,0.612348813
FIRST AID,FIRST AID - HYDROCORTISONES,5.207941484,0.612348813
FIRST AID,FIRST AID - GAUZE - ROLLS,5.207941484,0.612348813
FIRST AID,FIRST AID - GAUZE PADS,5.207941484,0.612348813
MEDICATIONS/REMEDIES/HEALTH AIDS,REFERENCE CARD RX,5.207941484,0.612348813
MEDICATIONS/REMEDIES/HEALTH AIDS,BREATHING AIDS EXTERNAL,5.207941484,0.612348813
MEDICATIONS/REMEDIES/HEALTH AIDS,MEDICAL WRAP AND BRACE,5.207941484,0.612348813
MEDICATIONS/REMEDIES/HEALTH AIDS,SEXUAL ENHANCING DEVICE,5.207941484,0.612348813
MEDICATIONS/REMEDIES/HEALTH AIDS,CONTRACEPTIVES-FEMALE,5.207941484,0.612348813
MEDICATIONS/REMEDIES/HEALTH AIDS,CONTRACEPTIVES-MALE,5.207941484,0.612348813
MEDICATIONS/REMEDIES/HEALTH AIDS,PREGNANCY TEST KITS,5.207941484,0.612348813
MEDICATIONS/REMEDIES/HEALTH AIDS,DAIRY DIGESTIVE AIDS,5.207941484,0.612348813
MEDICATIONS/REMEDIES/HEALTH AIDS,TOOTH & GUM ANALGESICS,5.207941484,0.612348813
MEDICATIONS/REMEDIES/HEALTH AIDS,ANTACIDS,5.207941484,0.612348813
MEDICATIONS/REMEDIES/HEALTH AIDS,PAIN REMEDIES - HEADACHE,5.207941484,0.612348813
MEDICATIONS/REMEDIES/HEALTH AIDS,LAXATIVES,5.207941484,0.612348813
MEDICATIONS/REMEDIES/HEALTH AIDS,DIARRHEA REMEDIES,5.207941484,0.612348813
MEDICATIONS/REMEDIES/HEALTH AIDS,DIURETIC REMEDIES,5.207941484,0.612348813
MEDICATIONS/REMEDIES/HEALTH AIDS,ANALGESIC & CHEST RUBS,5.207941484,0.612348813
MEDICATIONS/REMEDIES/HEALTH AIDS,LIP REMEDIES - SOLID,5.207941484,0.612348813
MEDICATIONS/REMEDIES/HEALTH AIDS,RECTAL MEDICATION,5.207941484,0.612348813
MEDICATIONS/REMEDIES/HEALTH AIDS,SLEEPING AIDS,5.207941484,0.612348813
MEDICATIONS/REMEDIES/HEALTH AIDS,ANTI-SLEEP PRODUCTS,5.207941484,0.612348813
MEDICATIONS/REMEDIES/HEALTH AIDS,CONTACT LENS SOLUTION,5.207941484,0.612348813
MEDICATIONS/REMEDIES/HEALTH AIDS,EYE DROPS & LOTIONS,5.207941484,0.612348813
MEDICATIONS/REMEDIES/HEALTH AIDS,FOOT PREPARATIONS-ATHLETE'S FOOT,5.207941484,0.612348813
MEDICATIONS/REMEDIES/HEALTH AIDS,INSOLES,5.207941484,0.612348813
MEDICATIONS/REMEDIES/HEALTH AIDS,MEDICATED PRODUCTS,5.207941484,0.612348813
MEDICATIONS/REMEDIES/HEALTH AIDS,FOOT PREPARATIONS-REMAINING,5.207941484,0.612348813
MEDICATIONS/REMEDIES/HEALTH AIDS,FOOT COMFORTS PRODUCTS,5.207941484,0.612348813
MEDICATIONS/REMEDIES/HEALTH AIDS,BRONCHIAL REMEDIES,5.207941484,0.612348813
MEDICATIONS/REMEDIES/HEALTH AIDS,PAIN REMEDIES - URINARY TRACT,5.207941484,0.612348813
MEDICATIONS/REMEDIES/HEALTH AIDS,EAR DROPS,5.207941484,0.612348813
MEDICATIONS/REMEDIES/HEALTH AIDS,PAIN REMEDIES - PRE MENSTRUAL,5.207941484,0.612348813
MEDICATIONS/REMEDIES/HEALTH AIDS,PAIN REMEDIES - CHILDREN'S LIQUID,5.207941484,0.612348813
MEDICATIONS/REMEDIES/HEALTH AIDS,PAIN REMEDIES - ALKALIZING EFFERVESCENTS,5.207941484,0.612348813
MEDICATIONS/REMEDIES/HEALTH AIDS,PAIN REMEDIES - ARTHRITIS,5.207941484,0.612348813
MEDICATIONS/REMEDIES/HEALTH AIDS,EYE CARE - REMAINING,5.207941484,0.612348813
MEDICATIONS/REMEDIES/HEALTH AIDS,LIP REMEDIES - REMAINING,5.207941484,0.612348813
MEDICATIONS/REMEDIES/HEALTH AIDS,ADULT-INCONTINENCE,5.207941484,0.612348813
MEDICATIONS/REMEDIES/HEALTH AIDS,PETROLEUM JELLY,5.207941484,0.612348813
MEDICATIONS/REMEDIES/HEALTH AIDS,PSORIASIS & ECZEMA TREATMENTS,5.207941484,0.612348813
MEDICATIONS/REMEDIES/HEALTH AIDS,JOCK ITCH PRODUCTS,5.207941484,0.612348813
MEDICATIONS/REMEDIES/HEALTH AIDS,MOTION SICKNESS PREVENTATIVES,5.207941484,0.612348813
MEDICATIONS/REMEDIES/HEALTH AIDS,TRANQUILIZERS/CALMATIVES,5.207941484,0.612348813
MEDICATIONS/REMEDIES/HEALTH AIDS,ANTI-GAS PRODUCTS,5.207941484,0.612348813
MEDICATIONS/REMEDIES/HEALTH AIDS,MEDICAL ACCESSORY-REMAINING,5.207941484,0.612348813
MEDICATIONS/REMEDIES/HEALTH AIDS,ENEMAS-READY-TO-USE,5.207941484,0.612348813
MEDICATIONS/REMEDIES/HEALTH AIDS,PAIN REMEDIES - BACK & LEG,5.207941484,0.612348813
MEDICATIONS/REMEDIES/HEALTH AIDS,HOMEOPATHIC MEDICINE,5.207941484,0.612348813
MEDICATIONS/REMEDIES/HEALTH AIDS,OCCULT BLOOD TEST KITS,5.207941484,0.612348813
MEDICATIONS/REMEDIES/HEALTH AIDS,BLOOD GLUCOSE PRODUCTS,5.207941484,0.612348813
MEDICATIONS/REMEDIES/HEALTH AIDS,PAIN RELIEVING DEVICE,5.207941484,0.612348813
MEDICATIONS/REMEDIES/HEALTH AIDS,MEDICAL ELASTIC GOODS & BRACES,5.207941484,0.612348813
MEDICATIONS/REMEDIES/HEALTH AIDS,SUNBURN AIDS,5.207941484,0.612348813
MEDICATIONS/REMEDIES/HEALTH AIDS,IPECAC PRODUCT,5.207941484,0.612348813
MEDICATIONS/REMEDIES/HEALTH AIDS,INSULIN SYRINGES,5.207941484,0.612348813
MEDICATIONS/REMEDIES/HEALTH AIDS,BLOOD URINE STOOL TEST PRODUCTS,5.207941484,0.612348813
MEDICATIONS/REMEDIES/HEALTH AIDS,BLOOD PRESSURE KIT AND ACCESSORY,5.207941484,0.612348813
MEDICATIONS/REMEDIES/HEALTH AIDS,OVULATION AND FERTILITY TEST KITS,5.207941484,0.612348813
MEN'S TOILETRIES,PRE-SHAVE COSMETICS,5.182291667,0.605380819
MEN'S TOILETRIES,AFTER SHAVE COSMETICS - MEN'S,5.182291667,0.605380819
MEN'S TOILETRIES,MEN'S SETS,5.182291667,0.605380819
MEN'S TOILETRIES,COLOGNE/LOTION-MEN'S,5.182291667,0.605380819
MILK,PERISHABLE MILK AND MILK PRODUCT DRINK,3.889108911,0.254076576
MILK,PERISHABLE CREAM CREAMER CREAM SUB,3.889108911,0.254076576
MILK,DAIRY-FLAVORED MILK-REFRIGERATED,3.889108911,0.254076576
MILK,DAIRY-MILK-REFRIGERATED,3.889108911,0.254076576
MILK,DAIRY-BUTTERMILK-REFRIGERATED,3.889108911,0.254076576
MILK,DAIRY-CREAM-REFRIGERATED,3.889108911,0.254076576
MILK,REMAINING DRINKS & SHAKES-REFRIGERATED,3.889108911,0.254076576
MILK,EGGNOG - FRESH & CANNED,3.889108911,0.254076576
MILK,RBC MILK AND MILK PRODUCT DRINK,3.889108911,0.254076576
PACKAGED MILK AND MODIFIERS,MILK-SHELF STABLE,3.889108911,0.254076576
PACKAGED MILK AND MODIFIERS,MILK - CANNED,3.889108911,0.254076576
PACKAGED MILK AND MODIFIERS,MILK - POWDERED,3.889108911,0.254076576
PACKAGED MILK AND MODIFIERS,MILK/WATER ADDITIVES-SWEETENED,3.889108911,0.254076576
PACKAGED MILK AND MODIFIERS,CREAMERS - POWDERED,3.889108911,0.254076576
PACKAGED MILK AND MODIFIERS,PERISHABLE POWDERED DRINK,3.889108911,0.254076576
PACKAGED MILK AND MODIFIERS,CREAMERS-LIQUID,3.889108911,0.254076576
TOYS & SPORTING GOODS,MUSICAL INSTRUMENTS AND ACCESSORIES,5.627858628,0.726422925
NUTS,NUTS - CANS,4.082178218,0.306525517
NUTS,NUTS - JARS,4.082178218,0.306525517
NUTS,NUTS - BAGS,4.082178218,0.306525517
NUTS,NUTS - UNSHELLED,4.082178218,0.306525517
ORAL HYGIENE,ORAL HYGIENE BRUSHES,5.195674562,0.609016398
ORAL HYGIENE,TOOTH CLEANERS,5.195674562,0.609016398
ORAL HYGIENE,DENTURE CLEANSERS,5.195674562,0.609016398
ORAL HYGIENE,BREATH FRESHENERS,5.195674562,0.609016398
ORAL HYGIENE,COUGH AND COLD THROAT SPRAYS,5.195674562,0.609016398
ORAL HYGIENE,DENTURE ADHESIVES,5.195674562,0.609016398
ORAL HYGIENE,DENTAL FLOSS,5.195674562,0.609016398
ORAL HYGIENE,DENTAL ACCESSORIES,5.195674562,0.609016398
ORAL HYGIENE,ORAL RINSE AND ANTISEPTIC,5.195674562,0.609016398
ORAL HYGIENE,ORAL CARE COMBINATIONS TREATMENTS AND PROGRAMS,5.195674562,0.609016398
ORAL HYGIENE,ORAL HYGIENE TRAVEL PACKS,5.195674562,0.609016398
ORAL HYGIENE,TOOTH WHITENERS,5.195674562,0.609016398
PACKAGED MEATS-DELI,REFERENCE CARD COLD CUTS - CLERK SERVED,4.424752475,0.399588767
PACKAGED MEATS-DELI,REFERENCE CARD COLD CUTS - SELF SERVED,4.424752475,0.399588767
PACKAGED MEATS-DELI,PERISHABLE CANNED HAM,4.424752475,0.399588767
PACKAGED MEATS-DELI,PERISHABLE BACON,4.424752475,0.399588767
PACKAGED MEATS-DELI,PERISHABLE FRANKFURTER,4.424752475,0.399588767
PACKAGED MEATS-DELI,PERISHABLE LUNCHMEAT EXCEPT VARIETY PCK,4.424752475,0.399588767
PACKAGED MEATS-DELI,PERISHABLE SAUSAGE,4.424752475,0.399588767
PACKAGED MEATS-DELI,PERISHABLE LUNCHMEAT VARIETY PACK,4.424752475,0.399588767
PACKAGED MEATS-DELI,PERISHABLE CANNED MEAT PRODUCT,4.424752475,0.399588767
PACKAGED MEATS-DELI,BRATWURST & KNOCKWURST,4.424752475,0.399588767
PACKAGED MEATS-DELI,SAUSAGE-DINNER,4.424752475,0.399588767
PACKAGED MEATS-DELI,LUNCHMEAT-SLICED-REFRIGERATED,4.424752475,0.399588767
PACKAGED MEATS-DELI,FRANKFURTERS-REFRIGERATED,4.424752475,0.399588767
PACKAGED MEATS-DELI,BACON-REFRIGERATED,4.424752475,0.399588767
PACKAGED MEATS-DELI,SAUSAGE-BREAKFAST,4.424752475,0.399588767
PACKAGED MEATS-DELI,HAM-CANNED-REFRIGERATED,4.424752475,0.399588767
PACKAGED MEATS-DELI,FRANKS-COCKTAIL-REFRIGERATED,4.424752475,0.399588767
PACKAGED MEATS-DELI,BACON-BEEF & CANNED,4.424752475,0.399588767
PACKAGED MEATS-DELI,HAM PATTIES-CANNED,4.424752475,0.399588767
PACKAGED MEATS-DELI,LUNCHMEAT-NONSLICED-REFRIGERATED,4.424752475,0.399588767
PACKAGED MEATS-DELI,LUNCHMEAT-DELI POUCHES-REFRIGERATED,4.424752475,0.399588767
PAPER PRODUCTS,PRE-MOISTENED TOWELETTES,4.19009901,0.335843131
PAPER PRODUCTS,FACIAL TISSUE,4.19009901,0.335843131
PAPER PRODUCTS,PAPER NAPKINS,4.19009901,0.335843131
PAPER PRODUCTS,PAPER TOWELS - REGULAR,4.19009901,0.335843131
PAPER PRODUCTS,PAPER TOWELS - JUMBO,4.19009901,0.335843131
PAPER PRODUCTS,TOILET TISSUE,4.19009901,0.335843131
PAPER PRODUCTS,BAKING CUPS & LINERS,4.19009901,0.335843131
PAPER PRODUCTS,"DOILIES, PLACEMATS & TABLE COVERINGS",4.19009901,0.335843131
PAPER PRODUCTS,COFFEE & TEA FILTERS - DISPOSABLE,4.19009901,0.335843131
PAPER PRODUCTS,DISPOSABLE CUPS,4.19009901,0.335843131
PAPER PRODUCTS,DISPOSABLE DISHES,4.19009901,0.335843131
PAPER PRODUCTS,SODA STRAWS,4.19009901,0.335843131
PAPER PRODUCTS,PAPER TOWELS,4.19009901,0.335843131
PAPER PRODUCTS,DISPOSABLE LIDS,4.19009901,0.335843131
PASTA,ORIENTAL NOODLES,4.099009901,0.311097989
PASTA,PASTA - MACARONI,4.099009901,0.311097989
PASTA,PASTA-SPAGHETTI,4.099009901,0.311097989
PASTA,PASTA - NOODLES & DUMPLINGS,4.099009901,0.311097989
PASTA,PERISHABLE PASTA,4.099009901,0.311097989
"HOUSEWARES, APPLIANCES",BATHROOM SCALE,6.0639413,0.844888542
"HOUSEWARES, APPLIANCES",GARMENT STEAMER AND IRON APPLIANCE,6.0639413,0.844888542
"HOUSEWARES, APPLIANCES",BODY MASSAGER APPLIANCE AND ACCESSORY,6.0639413,0.844888542
"HOUSEWARES, APPLIANCES",HAIR STYLING APPLIANCE AND ACCESSORY,6.0639413,0.844888542
"HOUSEWARES, APPLIANCES",ORAL HYGIENE APPLIANCE AND ACCESSORY,6.0639413,0.844888542
"HOUSEWARES, APPLIANCES",RAZOR TRIMMER APPLIANCE AND ACCESSORY,6.0639413,0.844888542
"HOUSEWARES, APPLIANCES",SKIN AND NAIL APPLIANCE AND ACCESSORY,6.0639413,0.844888542
"HOUSEWARES, APPLIANCES",HAIR/SKIN APPLIANCES,6.0639413,0.844888542
"HOUSEWARES, APPLIANCES",ELECTRIC TOOTH CLEANING DEVICES,6.0639413,0.844888542
"HOUSEWARES, APPLIANCES",PERSONAL CARE APPLIANCE AND ACCESSORY,6.0639413,0.844888542
"HOUSEWARES, APPLIANCES",RBC BODY MASSAGER APPLIANCE AND ACSRY,6.0639413,0.844888542
PET CARE,PERISHABLE RAWHIDE CHEW BONE AND STICK,5.583857442,0.714469623
PET CARE,PET ACCESSORY,5.583857442,0.714469623
PET CARE,PET TREATMENT INTERNAL,5.583857442,0.714469623
PET CARE,CAT & DOG LITTER,5.583857442,0.714469623
PET CARE,PET CARE - RAWHIDE & CHEW PRODUCTS,5.583857442,0.714469623
PET CARE,PET LITTER LINERS,5.583857442,0.714469623
PET CARE,PET TREATMENTS EXTERNAL,5.583857442,0.714469623
PET CARE,PET CARE - FLEA COLLARS,5.583857442,0.714469623
PET CARE,PET INCONTINENCE PRODUCTS,5.583857442,0.714469623
PET CARE,PET CARE - FLEA & TICK PRODUCTS,5.583857442,0.714469623
PET CARE,FISH CARE,5.583857442,0.714469623
PET FOOD,PET CARE - DOMESTIC BIRD FOOD,5.583857442,0.714469623
PET FOOD,PET CARE - WILD BIRD FOOD,5.583857442,0.714469623
PET FOOD,PET CARE - PET FOOD,5.583857442,0.714469623
PET FOOD,CAT FOOD - WET TYPE,5.583857442,0.714469623
PET FOOD,CAT FOOD - MOIST TYPE,5.583857442,0.714469623
PET FOOD,CAT FOOD - DRY TYPE,5.583857442,0.714469623
PET FOOD,DOG FOOD - WET TYPE,5.583857442,0.714469623
PET FOOD,DOG FOOD - MOIST TYPE,5.583857442,0.714469623
PET FOOD,DOG FOOD - DRY TYPE,5.583857442,0.714469623
PET FOOD,DOG & CAT TREATS,5.583857442,0.714469623
PET FOOD,PERISHABLE BIRD FOOD,5.583857442,0.714469623
PHOTOGRAPHIC SUPPLIES,REFERENCE CARD PHOTO,5.175204918,0.603455642
PHOTOGRAPHIC SUPPLIES,RBC CAMERAS,5.175204918,0.603455642
PHOTOGRAPHIC SUPPLIES,RBC DISPOSABLE CAMERA,5.175204918,0.603455642
PHOTOGRAPHIC SUPPLIES,RBC FILM,5.175204918,0.603455642
PHOTOGRAPHIC SUPPLIES,CAMERAS,5.175204918,0.603455642
PHOTOGRAPHIC SUPPLIES,PHOTOGRAPHIC SUPPLIES,5.175204918,0.603455642
PHOTOGRAPHIC SUPPLIES,FILM,5.175204918,0.603455642
"PICKLES, OLIVES, AND RELISH",CHILIES,3.876237624,0.25057998
"PICKLES, OLIVES, AND RELISH",PIMENTOS - CANNED,3.876237624,0.25057998
"PICKLES, OLIVES, AND RELISH",OLIVES - GREEN,3.876237624,0.25057998
"PICKLES, OLIVES, AND RELISH",OLIVES - BLACK,3.876237624,0.25057998
"PICKLES, OLIVES, AND RELISH",PEPPERS,3.876237624,0.25057998
"PICKLES, OLIVES, AND RELISH",RELISHES,3.876237624,0.25057998
"PICKLES, OLIVES, AND RELISH",PICKLES - SWEET,3.876237624,0.25057998
"PICKLES, OLIVES, AND RELISH",PICKLES - DILL,3.876237624,0.25057998
"PICKLES, OLIVES, AND RELISH",PERISHABLE OLIVE,3.876237624,0.25057998
"PICKLES, OLIVES, AND RELISH",PERISHABLE PICKLE AND RELISH,3.876237624,0.25057998
PREPARED FOOD-READY-TO-SERVE,VEGETABLES-BEANS WITH MEAT-SHELF STABLE,5.021030494,0.561572831
PREPARED FOOD-READY-TO-SERVE,POTATO SALAD-CANNED,5.021030494,0.561572831
PREPARED FOOD-READY-TO-SERVE,ENTREES/SIDE DISHES - SHELF STABLE,5.021030494,0.561572831
PREPARED FOOD-READY-TO-SERVE,PICKLED VEGETABLES & FRUIT,5.021030494,0.561572831
PREPARED FOOD-READY-TO-SERVE,SANDWICH SPREADS-MEAT,5.021030494,0.561572831
PREPARED FOOD-READY-TO-SERVE,CORNED BEEF - CANNED,5.021030494,0.561572831
PREPARED FOOD-READY-TO-SERVE,CORNED BEEF HASH-CANNED,5.021030494,0.561572831
PREPARED FOOD-READY-TO-SERVE,ROAST BEEF - CANNED,5.021030494,0.561572831
PREPARED FOOD-READY-TO-SERVE,ROAST BEEF HASH - CANNED,5.021030494,0.561572831
PREPARED FOOD-READY-TO-SERVE,DRIED BEEF-SHELF STABLE,5.021030494,0.561572831
PREPARED FOOD-READY-TO-SERVE,BARBECUED BEEF & PORK-CANNED,5.021030494,0.561572831
PREPARED FOOD-READY-TO-SERVE,STEW - BEEF - SHELF STABLE,5.021030494,0.561572831
PREPARED FOOD-READY-TO-SERVE,MEAT PRODUCTS-MISC.-CANNED,5.021030494,0.561572831
PREPARED FOOD-READY-TO-SERVE,RETORT POUCH BAGS,5.021030494,0.561572831
PREPARED FOOD-READY-TO-SERVE,MEAT PRODUCTS-IMITATION & ADDITIVES,5.021030494,0.561572831
PREPARED FOOD-READY-TO-SERVE,DEVILED HAM - CANNED,5.021030494,0.561572831
PREPARED FOOD-READY-TO-SERVE,POTTED MEAT - CANNED,5.021030494,0.561572831
PREPARED FOOD-READY-TO-SERVE,SPREADS-HORS D'OEUVRES,5.021030494,0.561572831
PREPARED FOOD-READY-TO-SERVE,VIENNA SAUSAGE - CANNED,5.021030494,0.561572831
PREPARED FOOD-READY-TO-SERVE,SPICED LUNCH MEAT-CANNED,5.021030494,0.561572831
PREPARED FOOD-READY-TO-SERVE,SAUSAGE-CANNED,5.021030494,0.561572831
PREPARED FOOD-READY-TO-SERVE,SCRAPPLE & MUSH,5.021030494,0.561572831
PREPARED FOOD-READY-TO-SERVE,PICKLED PORK PRODUCTS,5.021030494,0.561572831
PREPARED FOOD-READY-TO-SERVE,PREPARED SANDWICH - SHELF STABLE,5.021030494,0.561572831
PREPARED FOOD-READY-TO-SERVE,CHICKEN - SHELF STABLE,5.021030494,0.561572831
PREPARED FOOD-READY-TO-SERVE,STEW - REMAINING - SHELF STABLE,5.021030494,0.561572831
PREPARED FOOD-READY-TO-SERVE,STEW - CHICKEN - SHELF STABLE,5.021030494,0.561572831
PREPARED FOOD-READY-TO-SERVE,TURKEY-CANNED,5.021030494,0.561572831
PREPARED FOOD-READY-TO-SERVE,MEXICAN SPECIALTIES-REMAINING,5.021030494,0.561572831
PREPARED FOOD-READY-TO-SERVE,MEXICAN DINNERS-CANNED,5.021030494,0.561572831
PREPARED FOOD-READY-TO-SERVE,MEXICAN-REFRIED BEANS,5.021030494,0.561572831
PREPARED FOOD-READY-TO-SERVE,CHILI-SHELF STABLE,5.021030494,0.561572831
PREPARED FOOD-READY-TO-SERVE,RAVIOLI - CANNED,5.021030494,0.561572831
PREPARED FOOD-READY-TO-SERVE,MACARONI PRODUCTS - SHELF STABLE,5.021030494,0.561572831
PREPARED FOOD-READY-TO-SERVE,SPAGHETTI - CANNED,5.021030494,0.561572831
PREPARED FOOD-READY-TO-SERVE,LASAGNA - CANNED,5.021030494,0.561572831
PREPARED FOOD-READY-TO-SERVE,ORIENTAL FOODS-CHOW MEIN-CANNED,5.021030494,0.561572831
PREPARED FOOD-READY-TO-SERVE,ORIENTAL FOODS-MISC.,5.021030494,0.561572831
PREPARED FOOD-READY-TO-SERVE,RICE - CANNED,5.021030494,0.561572831
PREPARED FOOD-READY-TO-SERVE,DUMPLINGS-CANNED,5.021030494,0.561572831
PREPARED FOOD-READY-TO-SERVE,RICE CAKES,5.021030494,0.561572831
PREPARED FOOD-READY-TO-SERVE,BREAD-SPECIALTY-CANNED,5.021030494,0.561572831
PREPARED FOOD-READY-TO-SERVE,PERISHABLE PREPARED MEAL MULTIPLE CRS,5.021030494,0.561572831
PREPARED FOOD-READY-TO-SERVE,PERISHABLE PREPARED MEAL SINGLE COURSE,5.021030494,0.561572831
PREPARED FOOD-READY-TO-SERVE,PERISHABLE SERVICE BAR,5.021030494,0.561572831
PREPARED FOOD-DRY MIXES,REFERENCE CARD MEAL KIT,3.4125,0.124601656
PREPARED FOOD-DRY MIXES,VEGETABLES - POTATOES - SPECIALTY - DEHYDRATED,3.4125,0.124601656
PREPARED FOOD-DRY MIXES,VEGETABLES - POTATOES - MASHED - DEHYDRATED,3.4125,0.124601656
PREPARED FOOD-DRY MIXES,MEXICAN DINNERS-DRY/KIT,3.4125,0.124601656
PREPARED FOOD-DRY MIXES,MEXICAN SHELLS,3.4125,0.124601656
PREPARED FOOD-DRY MIXES,MEXICAN TORTILLAS,3.4125,0.124601656
PREPARED FOOD-DRY MIXES,PIZZA PIE AND CRUST MIXES,3.4125,0.124601656
PREPARED FOOD-DRY MIXES,ORIENTAL FOODS-RAMEN NOODLES,3.4125,0.124601656
PREPARED FOOD-DRY MIXES,RICE - MIXES,3.4125,0.124601656
PREPARED FOOD-DRY MIXES,DRY DINNERS - REMAINING,3.4125,0.124601656
PREPARED FOOD-DRY MIXES,DRY DINNERS - RICE,3.4125,0.124601656
PREPARED FOOD-DRY MIXES,DRY DINNERS - PASTA,3.4125,0.124601656
PREPARED FOOD-DRY MIXES,MIXES - ETHNIC SPECIALTIES,3.4125,0.124601656
PREPARED FOOD-DRY MIXES,PERISHABLE TORTILLA AND MEXICAN SHELL,3.4125,0.124601656
PREPARED FOOD-DRY MIXES,PERISHABLE MEAL KIT,3.4125,0.124601656
PREPARED FOOD-DRY MIXES,MEAL KIT,3.4125,0.124601656
PREPARED FOODS-FROZEN,PERISHABLE SOUP AND CHOWDER,3.708910891,0.20512423
PREPARED FOODS-FROZEN,PERISHABLE STEW AND CHILE,3.708910891,0.20512423
PREPARED FOODS-FROZEN,PERISHABLE MEAL STARTER DRY FRZ DRD ML,3.708910891,0.20512423
PREPARED FOODS-FROZEN,MEAL STARTERS,3.708910891,0.20512423
PREPARED FOODS-FROZEN,ENTREES - REMAINING - 2 FOOD - FROZEN,3.708910891,0.20512423
PREPARED FOODS-FROZEN,ENTREES - SEAFOOD - 2 FOOD - FROZEN,3.708910891,0.20512423
PREPARED FOODS-FROZEN,ENTREES - MEAT - 2 FOOD - FROZEN,3.708910891,0.20512423
PREPARED FOODS-FROZEN,ENTREES - POULTRY - 2 FOOD - FROZEN,3.708910891,0.20512423
PREPARED FOODS-FROZEN,ENTREES - MULTI PACK - FROZEN,3.708910891,0.20512423
PREPARED FOODS-FROZEN,ENTREES - ITALIAN - 2 FOOD - FROZEN,3.708910891,0.20512423
PREPARED FOODS-FROZEN,DINNERS-FROZEN,3.708910891,0.20512423
PREPARED FOODS-FROZEN,ENTREES - MEXICAN - 2 FOOD - FROZEN,3.708910891,0.20512423
PREPARED FOODS-FROZEN,POT PIES-FROZEN,3.708910891,0.20512423
PREPARED FOODS-FROZEN,ENTREES - MEAT - 1 FOOD - FROZEN,3.708910891,0.20512423
PREPARED FOODS-FROZEN,ENTREES - POULTRY - 1 FOOD - FROZEN,3.708910891,0.20512423
PREPARED FOODS-FROZEN,ENTREES - ORIENTAL - 1 FOOD - FROZEN,3.708910891,0.20512423
PREPARED FOODS-FROZEN,ENTREES - ITALIAN - 1 FOOD - FROZEN,3.708910891,0.20512423
PREPARED FOODS-FROZEN,ENTREES - MEXICAN - 1 FOOD - FROZEN,3.708910891,0.20512423
PREPARED FOODS-FROZEN,ENTREES - REMAINING - 1 FOOD - FROZEN,3.708910891,0.20512423
PREPARED FOODS-FROZEN,ENTREES - SEAFOOD - 1 FOOD - FROZEN,3.708910891,0.20512423
PREPARED FOODS-FROZEN,ENTREES - ORIENTAL - 2 FOOD - FROZEN,3.708910891,0.20512423
PREPARED FOODS-FROZEN,PASTA-PLAIN-FROZEN,3.708910891,0.20512423
PREPARED FOODS-FROZEN,CORN DOGS-FROZEN/REFRIGERATED,3.708910891,0.20512423
PREPARED FOODS-FROZEN,SOUP-FROZEN-REFRIGERATED,3.708910891,0.20512423
PREPARED FOODS-FROZEN,SAUCES & GRAVIES-FROZEN/REFRIGERATED,3.708910891,0.20512423
PREPARED FOODS-FROZEN,TACO FILLING-FROZEN/REFRIGERATED,3.708910891,0.20512423
PREPARED FOODS-FROZEN,RBC PREPARED MEAL SINGLE COURSE,3.708910891,0.20512423
"ELECTRONICS, RECORDS, TAPES",INK JET AND TONER CARTRIDGE,4.043564356,0.296035729
"ELECTRONICS, RECORDS, TAPES",PRINTERS,4.043564356,0.296035729
"ELECTRONICS, RECORDS, TAPES",RBC BLANK COMPACT DISC AND DVD,5.09015544,0.580351219
"ELECTRONICS, RECORDS, TAPES",BLANK AUDIO PRODUCT,5.09015544,0.580351219
"ELECTRONICS, RECORDS, TAPES",BLANK VIDEO PRODUCT,5.09015544,0.580351219
"ELECTRONICS, RECORDS, TAPES",BLANK COMPACT DISC AND DVD,5.09015544,0.580351219
"ELECTRONICS, RECORDS, TAPES",DISK DISKETTE AND DATA CARTRIDGE,5.09015544,0.580351219
SEWING NOTIONS,HOUSEHOLD SCISSOR,3.328436516,0.101765086
SEWING NOTIONS,SEWING/NEEDLECRAFT ACCESSORIES,3.328436516,0.101765086
SEWING NOTIONS,SCISSORS,3.328436516,0.101765086
SHAVING NEEDS,SHAVING ACCESSORY,4.886910995,0.525138113
SHAVING NEEDS,DEPILATORIES - WOMEN'S,4.886910995,0.525138113
SHAVING NEEDS,RAZOR BLADES,4.886910995,0.525138113
SHAVING NEEDS,RAZORS NON-DISPOSABLE,4.886910995,0.525138113
SHAVING NEEDS,SHAVE CREAM - OTHER THAN WOMEN'S,4.886910995,0.525138113
SHAVING NEEDS,DEPILATORIES - MEN'S,4.886910995,0.525138113
SHAVING NEEDS,SHAVE CREAMS - WOMEN'S,4.886910995,0.525138113
SHAVING NEEDS,RAZORS DISPOSABLE,4.886910995,0.525138113
SHOE CARE,SHOE CARE PRODUCTS,4.881799163,0.52374944
SHOE CARE,REMAINING SHOE/BOOT CLEANERS/COLORS,4.881799163,0.52374944
SHOE CARE,SHOE POLISH,4.881799163,0.52374944
SHOE CARE,SHOE LACES,4.881799163,0.52374944
SHOE CARE,FOOTWEAR,4.881799163,0.52374944
SHOE CARE,FOOTWEAR CARE PRODUCT,4.881799163,0.52374944
SHOE CARE,FOOTWEAR ACCESSORY,4.881799163,0.52374944
SKIN CARE PREPARATIONS,SUNTAN PREPARATIONS - SUNSCREENS & SUNBLOCKS,6.284102564,0.904697247
SKIN CARE PREPARATIONS,SUNTAN PREPARATIONS - LOTIONS/ OILS/ ETC.,6.284102564,0.904697247
SKIN CARE PREPARATIONS,FACE CLEANSERS & CREAMS & LOTIONS,6.284102564,0.904697247
SKIN CARE PREPARATIONS,HAND & BODY LOTIONS,6.284102564,0.904697247
SKIN CARE PREPARATIONS,SKIN BLEACHING/TONING PRODUCTS,6.284102564,0.904697247
SKIN CARE PREPARATIONS,HAND CREAM,6.284102564,0.904697247
SKIN CARE PREPARATIONS,SKIN CREAM-ALL PURPOSE,6.284102564,0.904697247
SKIN CARE PREPARATIONS,SKIN CREAM-SPECIAL PURPOSE,6.284102564,0.904697247
SKIN CARE PREPARATIONS,ACNE REMEDIES,6.284102564,0.904697247
SKIN CARE PREPARATIONS,SUN EXPOSURE DETECTOR PRODUCT TOPICAL,6.284102564,0.904697247
"ELECTRONICS, RECORDS, TAPES",HOUSEHOLD SMART PRODUCT,6.233912155,0.89106259
SNACKS,DIP - MIXES,4.522058824,0.426022876
SNACKS,DIP - CANNED,4.522058824,0.426022876
SNACKS,SNACKS - PORK RINDS,4.522058824,0.426022876
SNACKS,SNACKS - MEAT,4.522058824,0.426022876
SNACKS,SNACKS - PUFFED CHEESE,4.522058824,0.426022876
SNACKS,SNACKS - POTATO CHIPS,4.522058824,0.426022876
SNACKS,SNACKS - POTATO STICKS,4.522058824,0.426022876
SNACKS,SNACKS - CORN CHIPS,4.522058824,0.426022876
SNACKS,SNACKS - TORTILLA CHIPS,4.522058824,0.426022876
SNACKS,SNACKS - REMAINING,4.522058824,0.426022876
SNACKS,POPCORN - POPPED,4.522058824,0.426022876
SNACKS,POPCORN - UNPOPPED,4.522058824,0.426022876
SNACKS,SNACKS - PRETZEL,4.522058824,0.426022876
SNACKS,SNACKS - CARAMEL CORN,4.522058824,0.426022876
SNACKS,SNACKS - VARIETY PACKS,4.522058824,0.426022876
SNACKS,CRACKERS - SANDWICH & SNACK PACKS,4.522058824,0.426022876
SNACKS,TRAIL MIXES,4.522058824,0.426022876
SNACKS,SNACKS - HEALTH BARS & STICKS,4.522058824,0.426022876
SNACKS,PERISHABLE SNACK BAR,4.522058824,0.426022876
SNACKS,PERISHABLE MEAT AND SEAFOOD SNACK,4.522058824,0.426022876
SNACKS,PERISHABLE POPCORN,4.522058824,0.426022876
SNACKS,PERISHABLE POTATO CHIP,4.522058824,0.426022876
SNACKS,PERISHABLE PRETZEL,4.522058824,0.426022876
SNACKS,PERISHABLE TORTILLA CHIP,4.522058824,0.426022876
SNACKS,PERISHABLE NUT,4.522058824,0.426022876
SNACKS,PERISHABLE SNACK REMAINING,4.522058824,0.426022876
SNACKS,PERISHABLE TRAIL MIX,4.522058824,0.426022876
SNACKS,PERISHABLE PORK RIND AND PORK SKIN SNACK,4.522058824,0.426022876
SNACKS,PERISHABLE LUNCH COMBINATION,4.522058824,0.426022876
SNACKS,PERISHABLE COMBINATION SNACK,4.522058824,0.426022876
"SNACKS, SPREADS, DIPS-DAIRY",PERISHABLE PREPARED SPREAD,4.522058824,0.426022876
"SNACKS, SPREADS, DIPS-DAIRY",PERISHABLE DIP AND SPREAD,4.522058824,0.426022876
"SNACKS, SPREADS, DIPS-DAIRY",GARLIC SPREADS-REFRIGERATED,4.522058824,0.426022876
"SNACKS, SPREADS, DIPS-DAIRY",SEAFOOD-REFRIGERATED,4.522058824,0.426022876
"SNACKS, SPREADS, DIPS-DAIRY",SPREADS-REMAINING,4.522058824,0.426022876
"SNACKS, SPREADS, DIPS-DAIRY",DAIRY - DIP - REFRIGERATED & FROZEN,4.522058824,0.426022876
"SNACKS, SPREADS, DIPS-DAIRY",RBC DIP AND SPREAD,4.522058824,0.426022876
PERSONAL SOAP AND BATH ADDITIVES,SOAP - LIQUID,5.578556263,0.713029512
PERSONAL SOAP AND BATH ADDITIVES,SOAP - BAR,5.578556263,0.713029512
PERSONAL SOAP AND BATH ADDITIVES,SOAP - SPECIALTY,5.578556263,0.713029512
PERSONAL SOAP AND BATH ADDITIVES,HAND CLEANERS AND HAND SANITIZERS,5.578556263,0.713029512
PERSONAL SOAP AND BATH ADDITIVES,BATH ADDITIVES - DRY,5.578556263,0.713029512
PERSONAL SOAP AND BATH ADDITIVES,BATH ADDITIVES - LIQUID,5.578556263,0.713029512
PERSONAL SOAP AND BATH ADDITIVES,BATH OIL - LIQUIDS,5.578556263,0.713029512
PERSONAL SOAP AND BATH ADDITIVES,BATH OIL - DRY,5.578556263,0.713029512
"ELECTRONICS, RECORDS, TAPES",REFERENCE CARD DVD/VIDEO,5.605514316,0.7203529
"ELECTRONICS, RECORDS, TAPES",COMPUTER SOFTWARE AND SUPPLY,5.605514316,0.7203529
"ELECTRONICS, RECORDS, TAPES",COMPUTER SOFTWARE,5.605514316,0.7203529
"ELECTRONICS, RECORDS, TAPES",VIDEO PRODUCTS PRERECORDED,5.605514316,0.7203529
"ELECTRONICS, RECORDS, TAPES",VIDEO AND COMPUTER GAMES,5.605514316,0.7203529
SOUP,SOUP-CANNED,3.691089109,0.200282789
SOUP,STEW MIXES - DRY,3.691089109,0.200282789
SOUP,SOUP MIXES - DRY & BASES,3.691089109,0.200282789
SOUP,BOUILLON,3.691089109,0.200282789
SOUP,INSTANT MEALS,3.691089109,0.200282789
SOUP,PERISHABLE BROTH AND BOUILLON,3.691089109,0.200282789
SOUP,RBC SOUP AND CHOWDER,3.691089109,0.200282789
"SPICES, SEASONING, EXTRACTS",VEGETABLES - ONIONS - INSTANT,4.647368421,0.460064308
"SPICES, SEASONING, EXTRACTS",SALT - TABLE,4.647368421,0.460064308
"SPICES, SEASONING, EXTRACTS",SALT - COOKING/EDIBLE/SEASONED,4.647368421,0.460064308
"SPICES, SEASONING, EXTRACTS",SALT SUBSTITUTES,4.647368421,0.460064308
"SPICES, SEASONING, EXTRACTS",SALT-CANNING/PICKLING/CURING,4.647368421,0.460064308
"SPICES, SEASONING, EXTRACTS",HOME CANNING SEASONINGS,4.647368421,0.460064308
"SPICES, SEASONING, EXTRACTS",MONOSODIUM GLUTAMATE & FLAVOR ENHANCERS,4.647368421,0.460064308
"SPICES, SEASONING, EXTRACTS",MEAT MARINADES & TENDERIZERS,4.647368421,0.460064308
"SPICES, SEASONING, EXTRACTS",PEPPER,4.647368421,0.460064308
"SPICES, SEASONING, EXTRACTS",EXTRACTS,4.647368421,0.460064308
"SPICES, SEASONING, EXTRACTS",SEASONING - LIQUID & REMAINING,4.647368421,0.460064308
"SPICES, SEASONING, EXTRACTS",SEASONING-DRY,4.647368421,0.460064308
"SPICES, SEASONING, EXTRACTS",COOKING BAGS W/SEASONING,4.647368421,0.460064308
"SPICES, SEASONING, EXTRACTS",PERISHABLE HERB AND SPICE SEASONING,4.647368421,0.460064308
"SPICES, SEASONING, EXTRACTS",PERISHABLE MARINADE AND TENDERIZER,4.647368421,0.460064308
TOYS & SPORTING GOODS,BICYCLES & ACCESSORIES,5.703398558,0.746943998
TOYS & SPORTING GOODS,SPORTS & NOVELTY CARDS,5.703398558,0.746943998
TOYS & SPORTING GOODS,SPORTING GOODS,5.703398558,0.746943998
"STATIONERY, SCHOOL SUPPLIES",ARTIST AND HOBBY PAINT AND SUPPLY,4.895068206,0.52735409
"STATIONERY, SCHOOL SUPPLIES",MAILING SUPPLY,4.895068206,0.52735409
"STATIONERY, SCHOOL SUPPLIES",SCHOOL AND OFFICE SUPPLY,4.895068206,0.52735409
"STATIONERY, SCHOOL SUPPLIES",SCHOOL AND OFFICE BASICS,4.895068206,0.52735409
"STATIONERY, SCHOOL SUPPLIES",SCHOOL AND OFFICE FASTNER AND PUNCH,4.895068206,0.52735409
"STATIONERY, SCHOOL SUPPLIES",SCHOOL AND OFFICE MEASURES SHARPENERS,4.895068206,0.52735409
"STATIONERY, SCHOOL SUPPLIES",DRY ERASE BULLETIN BOARD AND ACCESORY,4.895068206,0.52735409
"STATIONERY, SCHOOL SUPPLIES",RBC ELECTRONIC PENCIL SHARPENER,4.895068206,0.52735409
"STATIONERY, SCHOOL SUPPLIES",RBC LABEL MAKER TAPE,4.895068206,0.52735409
"STATIONERY, SCHOOL SUPPLIES",RBC LABEL MAKERS AND LABEL PRINTERS,4.895068206,0.52735409
"STATIONERY, SCHOOL SUPPLIES",RBC PAPER SHREDDERS,4.895068206,0.52735409
"STATIONERY, SCHOOL SUPPLIES",TAPE - MISCELLANEOUS,4.895068206,0.52735409
"STATIONERY, SCHOOL SUPPLIES",GLUE,4.895068206,0.52735409
"STATIONERY, SCHOOL SUPPLIES",DIARY & AUTOGRAPH BOOKS,4.895068206,0.52735409
"STATIONERY, SCHOOL SUPPLIES",SCHOOL AND OFFICE PAPER AND FORMS,4.895068206,0.52735409
"STATIONERY, SCHOOL SUPPLIES",REPORT COVERS AND SHEET PROTECTORS,4.895068206,0.52735409
"STATIONERY, SCHOOL SUPPLIES",CORRECTION FLUID AND ERASERS,4.895068206,0.52735409
"STATIONERY, SCHOOL SUPPLIES",PERSONAL PLANNERS BINDERS AND FOLDERS,4.895068206,0.52735409
"STATIONERY, SCHOOL SUPPLIES",DIVIDERS TABS LABELS AND TAGS,4.895068206,0.52735409
"STATIONERY, SCHOOL SUPPLIES",SCHOOL AND OFFICE STORAGE AND DISPENSER,4.895068206,0.52735409
"STATIONERY, SCHOOL SUPPLIES",HOME SCHOOL AND OFFICE COMBINATIONS,4.895068206,0.52735409
"STATIONERY, SCHOOL SUPPLIES",ADHESIVE NOTE PADS,4.895068206,0.52735409
"STATIONERY, SCHOOL SUPPLIES",MAILING ACCESSORIES,4.895068206,0.52735409
"STATIONERY, SCHOOL SUPPLIES",OFFICE SUPPLIES,4.895068206,0.52735409
"STATIONERY, SCHOOL SUPPLIES",CALENDARS,4.895068206,0.52735409
"STATIONERY, SCHOOL SUPPLIES",SCHOOL SUPPLIES,4.895068206,0.52735409
"STATIONERY, SCHOOL SUPPLIES",STATIONERY,4.895068206,0.52735409
"STATIONERY, SCHOOL SUPPLIES",CRAYONS,4.895068206,0.52735409
"STATIONERY, SCHOOL SUPPLIES",PENCILS - COLORED,4.895068206,0.52735409
"STATIONERY, SCHOOL SUPPLIES",MARKERS,4.895068206,0.52735409
"STATIONERY, SCHOOL SUPPLIES",PENS & PENCILS,4.895068206,0.52735409
"STATIONERY, SCHOOL SUPPLIES",LABEL MAKER TAPE,4.895068206,0.52735409
"STATIONERY, SCHOOL SUPPLIES",LABEL MAKERS AND LABEL PRINTERS,4.895068206,0.52735409
"STATIONERY, SCHOOL SUPPLIES",PAPER SHREDDERS,4.895068206,0.52735409
"STATIONERY, SCHOOL SUPPLIES",ELECTRONIC PENCIL SHARPENERS,4.895068206,0.52735409
"STATIONERY, SCHOOL SUPPLIES",PREPAID GIFT CARDS,4.895068206,0.52735409
"STATIONERY, SCHOOL SUPPLIES",HOBBY PAINTS,4.895068206,0.52735409
"SUGAR, SWEETENERS",SUGAR - BROWN,3.376185458,0.114736498
"SUGAR, SWEETENERS",SUGAR-POWDERED,3.376185458,0.114736498
"SUGAR, SWEETENERS",SUGAR - REMAINING,3.376185458,0.114736498
"SUGAR, SWEETENERS",SUGAR-GRANULATED,3.376185458,0.114736498
"SUGAR, SWEETENERS",SUGAR SUBSTITUTES,3.376185458,0.114736498
"SUGAR, SWEETENERS",PERISHABLE SUGAR,3.376185458,0.114736498
"SUGAR, SWEETENERS",PERISHABLE SUGAR SUBSTITUTE AND SWTNR,3.376185458,0.114736498
SUNGLASSES,SUNGLASSES,6.377183967,0.929983612
"TABLE SYRUPS, MOLASSES",SYRUP - SORGHUM & SUGAR,3.885148515,0.2530007
"TABLE SYRUPS, MOLASSES",SYRUP - TABLE,3.885148515,0.2530007
"TABLE SYRUPS, MOLASSES",SYRUP - BERRY/FRUIT TYPE,3.885148515,0.2530007
"TABLE SYRUPS, MOLASSES",MOLASSES,3.885148515,0.2530007
"TABLE SYRUPS, MOLASSES",PERISHABLE SYRUP AND MOLASSES,3.885148515,0.2530007
TEA,TEA - HERBAL - INSTANT,5.012448133,0.559241359
TEA,TEA - HERBAL BAGS,5.012448133,0.559241359
TEA,TEA - PACKAGED,5.012448133,0.559241359
TEA,TEA - BAGS,5.012448133,0.559241359
TEA,TEA - MIXES,5.012448133,0.559241359
TEA,TEA - INSTANT,5.012448133,0.559241359
TEA,TEA - LIQUID,5.012448133,0.559241359
TEA,TEA-HERBAL PACKAGED,5.012448133,0.559241359
TEA,PERISHABLE LIQUID TEA AND TEA DRINK,5.012448133,0.559241359
TEA,PERISHABLE HERBAL TEA BAG AND LOOSE TEA,5.012448133,0.559241359
TEA,PERISHABLE REAL TEA BAG AND LOOSE TEA,5.012448133,0.559241359
TEA,PERISHABLE INSTANT TEA AND TEA DRINK MIX,5.012448133,0.559241359
"LIGHT BULBS, ELECTRIC GOODS",TELEPHONE AND ACCESSORY,6.218426501,0.886855778
TOBACCO & ACCESSORIES,SMOKING ACCESSORY,4.469306931,0.411692369
TOBACCO & ACCESSORIES,LIGHTER FLUID & FLINTS,4.469306931,0.411692369
TOBACCO & ACCESSORIES,LIGHTERS,4.469306931,0.411692369
TOBACCO & ACCESSORIES,CIGARETTES,4.469306931,0.411692369
TOBACCO & ACCESSORIES,CIGARS,4.469306931,0.411692369
TOBACCO & ACCESSORIES,SMOKING ACCESSORIES,4.469306931,0.411692369
TOBACCO & ACCESSORIES,TOBACCO-SMOKING,4.469306931,0.411692369
TOBACCO & ACCESSORIES,ANTI-SMOKING PRODUCTS,4.469306931,0.411692369
TOBACCO & ACCESSORIES,TOBACCO-CHEWING,4.469306931,0.411692369
TOBACCO & ACCESSORIES,ELECTRONIC CIGARETTES - SMOKING,4.469306931,0.411692369
TOBACCO & ACCESSORIES,ELECTRONIC CIGARS - SMOKING,4.469306931,0.411692369
TOBACCO & ACCESSORIES,ELECTRONIC REM ACCESSORY - SMOKING,4.469306931,0.411692369
TOBACCO & ACCESSORIES,CIGARETTE AND CIGAR PAPER,4.469306931,0.411692369
TOYS & SPORTING GOODS,TOYS,5.444444444,0.676596881
TOYS & SPORTING GOODS,COLORING BOOKS,5.444444444,0.676596881
TOYS & SPORTING GOODS,DOLLS & FIGURES,5.444444444,0.676596881
TOYS & SPORTING GOODS,GAMES,5.444444444,0.676596881
SOFT GOODS,UNDERCLOTHING-MEN'S & BOY'S,5.219512195,0.615492096
SOFT GOODS,WOMEN AND GIRL'S UNDERGARMENTS - REMAINING,5.219512195,0.615492096
SOFT GOODS,WOMEN AND GIRL'S UNDERGARMENTS - PANTIES,5.219512195,0.615492096
SOFT GOODS,WOMEN AND GIRL'S UNDERGARMENTS - BRAS,5.219512195,0.615492096
SOFT GOODS,WOMEN & GIRL'S UNDERGARMENTS - DAYWEAR,5.219512195,0.615492096
VITAMINS,RBC NUTRITIONAL HEALTH SUPPLEMENTS,5.268367347,0.628764019
VITAMINS,NUTRITIONAL SUPPLEMENTS,5.268367347,0.628764019
VITAMINS,COMPLETE NUTRITIONAL PRODUCTS,5.268367347,0.628764019
VITAMINS,VITAMINS/TONICS-LIQUID & POWDER,5.268367347,0.628764019
VITAMINS,VITAMINS-MULTIPLE,5.268367347,0.628764019
VITAMINS,VITAMINS-B COMPLEX W/C,5.268367347,0.628764019
VITAMINS,VITAMINS-CHILDREN-FLAVORED CHEWABLE,5.268367347,0.628764019
VITAMINS,VITAMINS-REMAINING,5.268367347,0.628764019
VITAMINS,MINERALS,5.268367347,0.628764019
VITAMINS,PROTEIN SUPPLEMENTS,5.268367347,0.628764019
UNGROUPED ITEMS,WATCHES AND TIMEPIECES,6.634920635,1
SOFT GOODS,GLOVES,6.141176471,0.865870142
SOFT GOODS,"CAPS, SCARVES & LEG WARMERS",6.141176471,0.865870142
SOFT GOODS,HANDKERCHIEFS,6.141176471,0.865870142
WINE,WINE-VERMOUTH,6.583864119,0.986130057
WINE,WINE-APERITIFS,6.583864119,0.986130057
WINE,WINE-DOMESTIC DRY TABLE,6.583864119,0.986130057
WINE,WINE-IMPORTED DRY TABLE,6.583864119,0.986130057
WINE,WINE-FLAVORED/REFRESHMENT,6.583864119,0.986130057
WINE,WINE-KOSHER TABLE,6.583864119,0.986130057
WINE,WINE-SAKE,6.583864119,0.986130057
WINE,WINE-SANGRIA,6.583864119,0.986130057
WINE,WINE-SPARKLING,6.583864119,0.986130057
WINE,WINE-SWEET DESSERT-DOMESTIC,6.583864119,0.986130057
WINE,WINE-SWEET DESSERT-IMPORTED,6.583864119,0.986130057
WINE,WINE - NON ALCOHOLIC,6.583864119,0.986130057
WINE,RBC WINE,6.583864119,0.986130057
WRAPPING MATERIALS AND BAGS,ALUMINUM FOIL,4.815677966,0.505787047
WRAPPING MATERIALS AND BAGS,WAX PAPER,4.815677966,0.505787047
WRAPPING MATERIALS AND BAGS,BAGS - OVEN,4.815677966,0.505787047
WRAPPING MATERIALS AND BAGS,PLASTIC WRAP,4.815677966,0.505787047
WRAPPING MATERIALS AND BAGS,BAGS - SANDWICH,4.815677966,0.505787047
WRAPPING MATERIALS AND BAGS,BAGS - FOOD STORAGE,4.815677966,0.505787047
WRAPPING MATERIALS AND BAGS,BAGS - FREEZER,4.815677966,0.505787047
WRAPPING MATERIALS AND BAGS,BAGS - PAPER,4.815677966,0.505787047
WRAPPING MATERIALS AND BAGS,BAGS - TRASH/TRASH COMPACTOR,4.815677966,0.505787047
WRAPPING MATERIALS AND BAGS,BAGS - TALL KITCHEN,4.815677966,0.505787047
WRAPPING MATERIALS AND BAGS,BAGS - LAWN & LEAF,4.815677966,0.505787047
WRAPPING MATERIALS AND BAGS,BAGS - WASTE,4.815677966,0.505787047
WRAPPING MATERIALS AND BAGS,FOOD WRAP - REMAINING,4.815677966,0.505787047
YOGURT,PERISHABLE YOGURT SPOONABLE,4.262376238,0.355477863
YOGURT,PERISHABLE YOGURT SHAKE AND DRINKS,4.262376238,0.355477863
YOGURT,YOGURT-REFRIGERATED,4.262376238,0.355477863
YOGURT,YOGURT-REFRIGERATED-SHAKES & DRINKS,4.262376238,0.355477863
